[      -7ms] [ERROR] The Content Security Policy directive 'upgrade-insecure-requests' is ignored when delivered in a report-only policy. @ https://www.tiktok.com/@thegolden.nuggets/video/7655301781383154965?lang=kk:0
[     575ms] [ERROR] The Content Security Policy directive 'upgrade-insecure-requests' is ignored when delivered in a report-only policy. @ https://www.tiktok.com/@thegolden.nuggets/video/7655301781383154965?lang=kk:0
[     688ms] [INFO] . @ https://sf16-website-login.neutral.ttwstatic.com/obj/tiktok_web_login_static/webmssdk/1.0.0.388/webmssdk.js:0
[     804ms] [WARNING] Reflect is already polyfilled. @ https://sf16-website-login.neutral.ttwstatic.com/obj/tiktok_web_login_static/tiktok/webapp/main/react-v18/webapp-desktop/static/js/webapp-desktop.4fb19bf6.js:0
[    1791ms] [LOG] %c %s color: yellow; background-color: black; [instance: default] appid: 1988, userInfo:{"user_unique_id":"7679552637041362433","user_type":12,"user_id":"7679552594628756501","user_is_login":false,"device_id":"7679552637041362433"} @ https://sf16-website-login.neutral.ttwstatic.com/obj/tiktok_web_login_static/webmssdk/1.0.0.388/webmssdk.js:0
[    1791ms] [LOG] %c %s color: yellow; background-color: black; [instance: default] appid: 1988, sdk is ready, version is 5.3.17, you can report now !!! @ https://sf16-website-login.neutral.ttwstatic.com/obj/tiktok_web_login_static/webmssdk/1.0.0.388/webmssdk.js:0
[    1991ms] Uncaught Error: Minified React error #418; visit https://reactjs.org/docs/error-decoder.html?invariant=418 for the full message or use the non-minified dev environment for full errors and additional helpful warnings.
    at ag (https://sf16-website-login.neutral.ttwstatic.com/obj/tiktok_web_login_static/tiktok/webapp/main/react-v18/webapp-desktop/static/js/npm-react.50f94747.js:1:119459)
    at i (https://sf16-website-login.neutral.ttwstatic.com/obj/tiktok_web_login_static/tiktok/webapp/main/react-v18/webapp-desktop/static/js/npm-react.50f94747.js:1:194082)
    at uM (https://sf16-website-login.neutral.ttwstatic.com/obj/tiktok_web_login_static/tiktok/webapp/main/react-v18/webapp-desktop/static/js/npm-react.50f94747.js:1:172066)
    at uz (https://sf16-website-login.neutral.ttwstatic.com/obj/tiktok_web_login_static/tiktok/webapp/main/react-v18/webapp-desktop/static/js/npm-react.50f94747.js:1:171936)
    at uw (https://sf16-website-login.neutral.ttwstatic.com/obj/tiktok_web_login_static/tiktok/webapp/main/react-v18/webapp-desktop/static/js/npm-react.50f94747.js:1:167009)
    at x (https://sf16-website-login.neutral.ttwstatic.com/obj/tiktok_web_login_static/tiktok/webapp/main/react-v18/webapp-desktop/static/js/npm-react.50f94747.js:1:259871)
    at N (https://sf16-website-login.neutral.ttwstatic.com/obj/tiktok_web_login_static/tiktok/webapp/main/react-v18/webapp-desktop/static/js/npm-react.50f94747.js:1:260401)
[    1991ms] Uncaught Error: Minified React error #418; visit https://reactjs.org/docs/error-decoder.html?invariant=418 for the full message or use the non-minified dev environment for full errors and additional helpful warnings.
    at ag (https://sf16-website-login.neutral.ttwstatic.com/obj/tiktok_web_login_static/tiktok/webapp/main/react-v18/webapp-desktop/static/js/npm-react.50f94747.js:1:119459)
    at i (https://sf16-website-login.neutral.ttwstatic.com/obj/tiktok_web_login_static/tiktok/webapp/main/react-v18/webapp-desktop/static/js/npm-react.50f94747.js:1:194082)
    at uM (https://sf16-website-login.neutral.ttwstatic.com/obj/tiktok_web_login_static/tiktok/webapp/main/react-v18/webapp-desktop/static/js/npm-react.50f94747.js:1:172066)
    at uz (https://sf16-website-login.neutral.ttwstatic.com/obj/tiktok_web_login_static/tiktok/webapp/main/react-v18/webapp-desktop/static/js/npm-react.50f94747.js:1:171936)
    at uw (https://sf16-website-login.neutral.ttwstatic.com/obj/tiktok_web_login_static/tiktok/webapp/main/react-v18/webapp-desktop/static/js/npm-react.50f94747.js:1:167009)
    at x (https://sf16-website-login.neutral.ttwstatic.com/obj/tiktok_web_login_static/tiktok/webapp/main/react-v18/webapp-desktop/static/js/npm-react.50f94747.js:1:259871)
    at N (https://sf16-website-login.neutral.ttwstatic.com/obj/tiktok_web_login_static/tiktok/webapp/main/react-v18/webapp-desktop/static/js/npm-react.50f94747.js:1:260401)
[    1991ms] Uncaught Error: Minified React error #418; visit https://reactjs.org/docs/error-decoder.html?invariant=418 for the full message or use the non-minified dev environment for full errors and additional helpful warnings.
    at ag (https://sf16-website-login.neutral.ttwstatic.com/obj/tiktok_web_login_static/tiktok/webapp/main/react-v18/webapp-desktop/static/js/npm-react.50f94747.js:1:119459)
    at i (https://sf16-website-login.neutral.ttwstatic.com/obj/tiktok_web_login_static/tiktok/webapp/main/react-v18/webapp-desktop/static/js/npm-react.50f94747.js:1:194082)
    at uM (https://sf16-website-login.neutral.ttwstatic.com/obj/tiktok_web_login_static/tiktok/webapp/main/react-v18/webapp-desktop/static/js/npm-react.50f94747.js:1:172066)
    at uz (https://sf16-website-login.neutral.ttwstatic.com/obj/tiktok_web_login_static/tiktok/webapp/main/react-v18/webapp-desktop/static/js/npm-react.50f94747.js:1:171936)
    at uw (https://sf16-website-login.neutral.ttwstatic.com/obj/tiktok_web_login_static/tiktok/webapp/main/react-v18/webapp-desktop/static/js/npm-react.50f94747.js:1:167009)
    at x (https://sf16-website-login.neutral.ttwstatic.com/obj/tiktok_web_login_static/tiktok/webapp/main/react-v18/webapp-desktop/static/js/npm-react.50f94747.js:1:259871)
    at N (https://sf16-website-login.neutral.ttwstatic.com/obj/tiktok_web_login_static/tiktok/webapp/main/react-v18/webapp-desktop/static/js/npm-react.50f94747.js:1:260401)
[    1991ms] Uncaught Error: Minified React error #418; visit https://reactjs.org/docs/error-decoder.html?invariant=418 for the full message or use the non-minified dev environment for full errors and additional helpful warnings.
    at ag (https://sf16-website-login.neutral.ttwstatic.com/obj/tiktok_web_login_static/tiktok/webapp/main/react-v18/webapp-desktop/static/js/npm-react.50f94747.js:1:119459)
    at i (https://sf16-website-login.neutral.ttwstatic.com/obj/tiktok_web_login_static/tiktok/webapp/main/react-v18/webapp-desktop/static/js/npm-react.50f94747.js:1:194082)
    at uM (https://sf16-website-login.neutral.ttwstatic.com/obj/tiktok_web_login_static/tiktok/webapp/main/react-v18/webapp-desktop/static/js/npm-react.50f94747.js:1:172066)
    at uz (https://sf16-website-login.neutral.ttwstatic.com/obj/tiktok_web_login_static/tiktok/webapp/main/react-v18/webapp-desktop/static/js/npm-react.50f94747.js:1:171936)
    at uw (https://sf16-website-login.neutral.ttwstatic.com/obj/tiktok_web_login_static/tiktok/webapp/main/react-v18/webapp-desktop/static/js/npm-react.50f94747.js:1:167009)
    at x (https://sf16-website-login.neutral.ttwstatic.com/obj/tiktok_web_login_static/tiktok/webapp/main/react-v18/webapp-desktop/static/js/npm-react.50f94747.js:1:259871)
    at N (https://sf16-website-login.neutral.ttwstatic.com/obj/tiktok_web_login_static/tiktok/webapp/main/react-v18/webapp-desktop/static/js/npm-react.50f94747.js:1:260401)
[    1991ms] Uncaught Error: Minified React error #418; visit https://reactjs.org/docs/error-decoder.html?invariant=418 for the full message or use the non-minified dev environment for full errors and additional helpful warnings.
    at ag (https://sf16-website-login.neutral.ttwstatic.com/obj/tiktok_web_login_static/tiktok/webapp/main/react-v18/webapp-desktop/static/js/npm-react.50f94747.js:1:119459)
    at i (https://sf16-website-login.neutral.ttwstatic.com/obj/tiktok_web_login_static/tiktok/webapp/main/react-v18/webapp-desktop/static/js/npm-react.50f94747.js:1:194082)
    at uM (https://sf16-website-login.neutral.ttwstatic.com/obj/tiktok_web_login_static/tiktok/webapp/main/react-v18/webapp-desktop/static/js/npm-react.50f94747.js:1:172066)
    at uz (https://sf16-website-login.neutral.ttwstatic.com/obj/tiktok_web_login_static/tiktok/webapp/main/react-v18/webapp-desktop/static/js/npm-react.50f94747.js:1:171936)
    at uw (https://sf16-website-login.neutral.ttwstatic.com/obj/tiktok_web_login_static/tiktok/webapp/main/react-v18/webapp-desktop/static/js/npm-react.50f94747.js:1:167009)
    at x (https://sf16-website-login.neutral.ttwstatic.com/obj/tiktok_web_login_static/tiktok/webapp/main/react-v18/webapp-desktop/static/js/npm-react.50f94747.js:1:259871)
    at N (https://sf16-website-login.neutral.ttwstatic.com/obj/tiktok_web_login_static/tiktok/webapp/main/react-v18/webapp-desktop/static/js/npm-react.50f94747.js:1:260401)
[    1991ms] Uncaught Error: Minified React error #418; visit https://reactjs.org/docs/error-decoder.html?invariant=418 for the full message or use the non-minified dev environment for full errors and additional helpful warnings.
    at ag (https://sf16-website-login.neutral.ttwstatic.com/obj/tiktok_web_login_static/tiktok/webapp/main/react-v18/webapp-desktop/static/js/npm-react.50f94747.js:1:119459)
    at i (https://sf16-website-login.neutral.ttwstatic.com/obj/tiktok_web_login_static/tiktok/webapp/main/react-v18/webapp-desktop/static/js/npm-react.50f94747.js:1:194082)
    at uM (https://sf16-website-login.neutral.ttwstatic.com/obj/tiktok_web_login_static/tiktok/webapp/main/react-v18/webapp-desktop/static/js/npm-react.50f94747.js:1:172066)
    at uz (https://sf16-website-login.neutral.ttwstatic.com/obj/tiktok_web_login_static/tiktok/webapp/main/react-v18/webapp-desktop/static/js/npm-react.50f94747.js:1:171936)
    at uw (https://sf16-website-login.neutral.ttwstatic.com/obj/tiktok_web_login_static/tiktok/webapp/main/react-v18/webapp-desktop/static/js/npm-react.50f94747.js:1:167009)
    at x (https://sf16-website-login.neutral.ttwstatic.com/obj/tiktok_web_login_static/tiktok/webapp/main/react-v18/webapp-desktop/static/js/npm-react.50f94747.js:1:259871)
    at N (https://sf16-website-login.neutral.ttwstatic.com/obj/tiktok_web_login_static/tiktok/webapp/main/react-v18/webapp-desktop/static/js/npm-react.50f94747.js:1:260401)
[    1994ms] Uncaught Error: Minified React error #418; visit https://reactjs.org/docs/error-decoder.html?invariant=418 for the full message or use the non-minified dev environment for full errors and additional helpful warnings.
    at ag (https://sf16-website-login.neutral.ttwstatic.com/obj/tiktok_web_login_static/tiktok/webapp/main/react-v18/webapp-desktop/static/js/npm-react.50f94747.js:1:119459)
    at i (https://sf16-website-login.neutral.ttwstatic.com/obj/tiktok_web_login_static/tiktok/webapp/main/react-v18/webapp-desktop/static/js/npm-react.50f94747.js:1:194259)
    at uM (https://sf16-website-login.neutral.ttwstatic.com/obj/tiktok_web_login_static/tiktok/webapp/main/react-v18/webapp-desktop/static/js/npm-react.50f94747.js:1:172066)
    at uz (https://sf16-website-login.neutral.ttwstatic.com/obj/tiktok_web_login_static/tiktok/webapp/main/react-v18/webapp-desktop/static/js/npm-react.50f94747.js:1:171936)
    at uw (https://sf16-website-login.neutral.ttwstatic.com/obj/tiktok_web_login_static/tiktok/webapp/main/react-v18/webapp-desktop/static/js/npm-react.50f94747.js:1:167009)
    at x (https://sf16-website-login.neutral.ttwstatic.com/obj/tiktok_web_login_static/tiktok/webapp/main/react-v18/webapp-desktop/static/js/npm-react.50f94747.js:1:259871)
    at N (https://sf16-website-login.neutral.ttwstatic.com/obj/tiktok_web_login_static/tiktok/webapp/main/react-v18/webapp-desktop/static/js/npm-react.50f94747.js:1:260401)
[    1994ms] Uncaught Error: Minified React error #423; visit https://reactjs.org/docs/error-decoder.html?invariant=423 for the full message or use the non-minified dev environment for full errors and additional helpful warnings.
    at i (https://sf16-website-login.neutral.ttwstatic.com/obj/tiktok_web_login_static/tiktok/webapp/main/react-v18/webapp-desktop/static/js/npm-react.50f94747.js:1:193741)
    at uM (https://sf16-website-login.neutral.ttwstatic.com/obj/tiktok_web_login_static/tiktok/webapp/main/react-v18/webapp-desktop/static/js/npm-react.50f94747.js:1:172066)
    at uz (https://sf16-website-login.neutral.ttwstatic.com/obj/tiktok_web_login_static/tiktok/webapp/main/react-v18/webapp-desktop/static/js/npm-react.50f94747.js:1:171936)
    at ux (https://sf16-website-login.neutral.ttwstatic.com/obj/tiktok_web_login_static/tiktok/webapp/main/react-v18/webapp-desktop/static/js/npm-react.50f94747.js:1:168707)
    at uw (https://sf16-website-login.neutral.ttwstatic.com/obj/tiktok_web_login_static/tiktok/webapp/main/react-v18/webapp-desktop/static/js/npm-react.50f94747.js:1:167262)
    at x (https://sf16-website-login.neutral.ttwstatic.com/obj/tiktok_web_login_static/tiktok/webapp/main/react-v18/webapp-desktop/static/js/npm-react.50f94747.js:1:259871)
    at N (https://sf16-website-login.neutral.ttwstatic.com/obj/tiktok_web_login_static/tiktok/webapp/main/react-v18/webapp-desktop/static/js/npm-react.50f94747.js:1:260401)
[    2001ms] [LOG] Error. Unable to find the experiment:  webapp_auto_dark_mode @ https://sf16-website-login.neutral.ttwstatic.com/obj/tiktok_web_login_static/webmssdk/1.0.0.388/webmssdk.js:0
[    2001ms] [LOG] Error. Unable to find the experiment:  webapp_auto_dark_mode @ https://sf16-website-login.neutral.ttwstatic.com/obj/tiktok_web_login_static/webmssdk/1.0.0.388/webmssdk.js:0
[    2100ms] [WARNING] AppContext will be overwritten @ https://sf16-website-login.neutral.ttwstatic.com/obj/tiktok_web_login_static/tiktok/webapp/main/react-v18/webapp-desktop/static/js/webapp-desktop.4fb19bf6.js:0
[    2100ms] [WARNING] AppContext will be overwritten @ https://sf16-website-login.neutral.ttwstatic.com/obj/tiktok_web_login_static/tiktok/webapp/main/react-v18/webapp-desktop/static/js/webapp-desktop.4fb19bf6.js:0
[    2100ms] [WARNING] AppContext will be overwritten @ https://sf16-website-login.neutral.ttwstatic.com/obj/tiktok_web_login_static/tiktok/webapp/main/react-v18/webapp-desktop/static/js/webapp-desktop.4fb19bf6.js:0
[    2100ms] [WARNING] AppContext will be overwritten @ https://sf16-website-login.neutral.ttwstatic.com/obj/tiktok_web_login_static/tiktok/webapp/main/react-v18/webapp-desktop/static/js/webapp-desktop.4fb19bf6.js:0
[    2100ms] [WARNING] AppContext will be overwritten @ https://sf16-website-login.neutral.ttwstatic.com/obj/tiktok_web_login_static/tiktok/webapp/main/react-v18/webapp-desktop/static/js/webapp-desktop.4fb19bf6.js:0
[    2100ms] [WARNING] AppContext will be overwritten @ https://sf16-website-login.neutral.ttwstatic.com/obj/tiktok_web_login_static/tiktok/webapp/main/react-v18/webapp-desktop/static/js/webapp-desktop.4fb19bf6.js:0
[    2100ms] [WARNING] AppContext will be overwritten @ https://sf16-website-login.neutral.ttwstatic.com/obj/tiktok_web_login_static/tiktok/webapp/main/react-v18/webapp-desktop/static/js/webapp-desktop.4fb19bf6.js:0
[    2100ms] [WARNING] AppContext will be overwritten @ https://sf16-website-login.neutral.ttwstatic.com/obj/tiktok_web_login_static/tiktok/webapp/main/react-v18/webapp-desktop/static/js/webapp-desktop.4fb19bf6.js:0
[    2100ms] [WARNING] AppContext will be overwritten @ https://sf16-website-login.neutral.ttwstatic.com/obj/tiktok_web_login_static/tiktok/webapp/main/react-v18/webapp-desktop/static/js/webapp-desktop.4fb19bf6.js:0
[    2353ms] [LOG] ws.opened @ https://sf16-website-login.neutral.ttwstatic.com/obj/tiktok_web_login_static/webmssdk/1.0.0.388/webmssdk.js:0
[    2354ms] [WARNING] [SDK] 1788035190321        0 already inited @ https://sf16-website-login.neutral.ttwstatic.com/obj/tiktok_web_login_static/slardar/fe/sdk-web/browser.sg.js?bid=tiktok_webapp&globalName=SlardarClient:0
[    2698ms] [WARNING] [i18n] missing key [en] Webapp user_SEO_title1 user_SEO_title1 @ https://sf16-website-login.neutral.ttwstatic.com/obj/tiktok_web_login_static/tiktok/webapp/main/react-v18/webapp-desktop/static/js/biz.common.lib.700647f5.js:0
[    2722ms] [WARNING] [04:26:30.689][warn][controller][1] NotAllowedError: play() failed because the user didn't interact with the document first. https://goo.gl/xX8pDD @ https://sf16-website-login.neutral.ttwstatic.com/obj/tiktok_web_login_static/tiktok/webapp/main/react-v18/webapp-desktop/static/js/async/79936.7ef6faba.js:0
[    2728ms] [WARNING] Unmuting failed and the element was paused instead because the user didn't interact with the document before. https://goo.gl/xX8pDD @ https://sf16-website-login.neutral.ttwstatic.com/obj/tiktok_web_login_static/tiktok/webapp/main/react-v18/webapp-desktop/static/js/async/79936.7ef6faba.js:0
[    2736ms] [WARNING] [04:26:30.704][warn][controller][1] AbortError: The play() request was interrupted by a call to pause(). https://goo.gl/LdLk22 @ https://sf16-website-login.neutral.ttwstatic.com/obj/tiktok_web_login_static/tiktok/webapp/main/react-v18/webapp-desktop/static/js/async/79936.7ef6faba.js:0
[    2822ms] [INFO] Creating a worker from 'https://www.tiktok.com/webapp-desktop/static/worker/vodsr-worker-BtW-VP4y.js' violates the following Content Security Policy directive: "worker-src www.tiktok.com/business/sw.js www.tiktok.com/embed/sw.js www.tiktok.com/firebase-messaging-sw.js www.tiktok.com/help/sw.js www.tiktok.com/sw.js". The policy is report-only, so the violation has been logged but no further action has been taken. @ https://sf16-website-login.neutral.ttwstatic.com/obj/tiktok_web_login_static/tiktok/webapp/main/react-v18/webapp-desktop/static/js/async/58204.c99dc8a6.js:28
[    2925ms] [ERROR] Failed to load resource: the server responded with a status of 403 () @ https://v16-webapp-prime.tiktok.com/video/tos/alisg/tos-alisg-pve-0037c001/oEubiXGoiaClXA9QYEAB9qaH0BEzvAMK0IJXj/?a=1988&bti=ODszNWYuMDE6&&bt=1461&ft=-Csk_maLPD12NWkTtn-UxtvVhY9e3wv25ocAp&mime_type=video_mp4&rc=aWRnNTo3NTtkNDc4ZTQ3N0BpM2RmZHc5cm5rOzMzODczNEA2Y2FjL2MvNWExYjY2XjQ2YSMzYmdrMmRrY3JhLS1kMWBzcw%3D%3D&expire=1788208135&l=202608300426307E1066E9BBF8A6B34B0F&ply_type=2&policy=2&signature=9cdd0e9b6f8318af68b3906965579166&tk=tt_chain_token&btag=e00050000:0
[    2926ms] [WARNING] [04:26:30.894][warn][demux.fetch][1](loaderId=2) PlayerError: NETWORK_FORBIDDEN
    at https://sf16-website-login.neutral.ttwstatic.com/obj/tiktok_web_login_static/tiktok/webapp/main/react-v18/webapp-desktop/static/js/async/58204.c99dc8a6.js:11:38475 @ https://sf16-website-login.neutral.ttwstatic.com/obj/tiktok_web_login_static/tiktok/webapp/main/react-v18/webapp-desktop/static/js/async/79936.7ef6faba.js:0
[    2926ms] [WARNING] [04:26:30.894][warn][multiplex][1] event.exception {code: 2103, message: NETWORK_FORBIDDEN} @ https://sf16-website-login.neutral.ttwstatic.com/obj/tiktok_web_login_static/tiktok/webapp/main/react-v18/webapp-desktop/static/js/async/79936.7ef6faba.js:0
[    3103ms] [ERROR] Failed to load resource: the server responded with a status of 403 () @ https://v19-webapp-prime.tiktok.com/video/tos/alisg/tos-alisg-pve-0037c001/oEubiXGoiaClXA9QYEAB9qaH0BEzvAMK0IJXj/?a=1988&bti=ODszNWYuMDE6&&bt=1461&ft=-Csk_maLPD12NWkTtn-UxtvVhY9e3wv25ocAp&mime_type=video_mp4&rc=aWRnNTo3NTtkNDc4ZTQ3N0BpM2RmZHc5cm5rOzMzODczNEA2Y2FjL2MvNWExYjY2XjQ2YSMzYmdrMmRrY3JhLS1kMWBzcw%3D%3D&expire=1788208135&l=202608300426307E1066E9BBF8A6B34B0F&ply_type=2&policy=2&signature=9cdd0e9b6f8318af68b3906965579166&tk=tt_chain_token&btag=e00050000:0
[    3104ms] [WARNING] [04:26:31.071][warn][demux.fetch][1](loaderId=2) PlayerError: NETWORK_FORBIDDEN
    at https://sf16-website-login.neutral.ttwstatic.com/obj/tiktok_web_login_static/tiktok/webapp/main/react-v18/webapp-desktop/static/js/async/58204.c99dc8a6.js:11:38475 @ https://sf16-website-login.neutral.ttwstatic.com/obj/tiktok_web_login_static/tiktok/webapp/main/react-v18/webapp-desktop/static/js/async/79936.7ef6faba.js:0
[    3104ms] [WARNING] [04:26:31.071][warn][multiplex][1] event.exception {code: 2103, message: NETWORK_FORBIDDEN} @ https://sf16-website-login.neutral.ttwstatic.com/obj/tiktok_web_login_static/tiktok/webapp/main/react-v18/webapp-desktop/static/js/async/79936.7ef6faba.js:0
[    3343ms] [ERROR] Failed to load resource: the server responded with a status of 403 () @ https://v16-webapp-prime.tiktok.com/video/tos/alisg/tos-alisg-pve-0037c001/oEubiXGoiaClXA9QYEAB9qaH0BEzvAMK0IJXj/?a=1988&bti=bGRuZHxvMXIxcm53Zm1cYF9ebWFzaHFmOg%3D%3D&&bt=1461&ft=HAY7nvT4QtHUxynKptC6E4DjYlToVTN1GbuN.c4q8Z4ka&mime_type=video_mp4&rc=aWRnNTo3NTtkNDc4ZTQ3N0BpM2RmZHc5cm5rOzMzODczNEA2Y2FjL2MvNWExYjY2XjQ2YSMzYmdrMmRrY3JhLS1kMWBzcw%3D%3D&expire=1788056936&l=202608300426315517DF5CACC5F1BC689B&ply_type=2&policy=2&signature=41e342c86268ba8102ea7779406dfd26&tk=tt_chain_token&btag=e00050000:0
[    3343ms] [ERROR] [04:26:31.310][error][demux.fetch][1](loaderId=2) PlayerError: NETWORK_FORBIDDEN
    at https://sf16-website-login.neutral.ttwstatic.com/obj/tiktok_web_login_static/tiktok/webapp/main/react-v18/webapp-desktop/static/js/async/58204.c99dc8a6.js:11:38475 @ https://sf16-website-login.neutral.ttwstatic.com/obj/tiktok_web_login_static/tiktok/webapp/main/react-v18/webapp-desktop/static/js/webapp-desktop.4fb19bf6.js:0
[    3343ms] [WARNING] [04:26:31.311][warn][multiplex][1] multiplex downgrade: 2103 NETWORK_FORBIDDEN @ https://sf16-website-login.neutral.ttwstatic.com/obj/tiktok_web_login_static/tiktok/webapp/main/react-v18/webapp-desktop/static/js/async/79936.7ef6faba.js:0
[    3804ms] [INFO] Creating a worker from 'https://www.tiktok.com/webapp-desktop/static/worker/vodsr-worker-BtW-VP4y.js' violates the following Content Security Policy directive: "worker-src www.tiktok.com/business/sw.js www.tiktok.com/embed/sw.js www.tiktok.com/firebase-messaging-sw.js www.tiktok.com/help/sw.js www.tiktok.com/sw.js". The policy is report-only, so the violation has been logged but no further action has been taken. @ https://sf16-website-login.neutral.ttwstatic.com/obj/tiktok_web_login_static/tiktok/webapp/main/react-v18/webapp-desktop/static/js/async/58204.c99dc8a6.js:28
[    3844ms] [ERROR] Failed to load resource: the server responded with a status of 403 () @ https://v16-webapp-prime.tiktok.com/video/tos/alisg/tos-alisg-pve-0037c001/oIASeqwRqFmbfAGP04iARtgGJYYZfPAMx4xjeQ/?a=1988&bti=ODszNWYuMDE6&&bt=1261&ft=-Csk_maLPD12NtkTtn-UxnyFSY9e3wv25dcAp&mime_type=video_mp4&rc=ODZlPDNpZDhpNDdpNzpmNkBpMzZ4a3E5cjlzZDMzODczNEAxNV8wYzBjNTAxM18uNC0vYSNzMzQ2MmQ0ZTRhLS1kMTFzcw%3D%3D&expire=1788208013&l=202608300426307E1066E9BBF8A6B34B36&ply_type=2&policy=2&signature=4db9d5f5397a4e0831990243efa83426&tk=tt_chain_token&btag=e00078000:0
[    3845ms] [WARNING] [04:26:31.812][warn][demux.fetch][2](loaderId=7) PlayerError: NETWORK_FORBIDDEN
    at https://sf16-website-login.neutral.ttwstatic.com/obj/tiktok_web_login_static/tiktok/webapp/main/react-v18/webapp-desktop/static/js/async/58204.c99dc8a6.js:11:38475 @ https://sf16-website-login.neutral.ttwstatic.com/obj/tiktok_web_login_static/tiktok/webapp/main/react-v18/webapp-desktop/static/js/async/79936.7ef6faba.js:0
[    3845ms] [WARNING] [04:26:31.812][warn][multiplex][2] event.exception {code: 2103, message: NETWORK_FORBIDDEN} @ https://sf16-website-login.neutral.ttwstatic.com/obj/tiktok_web_login_static/tiktok/webapp/main/react-v18/webapp-desktop/static/js/async/79936.7ef6faba.js:0
[    3872ms] [ERROR] Failed to load resource: the server responded with a status of 403 () @ https://v19-webapp-prime.tiktok.com/video/tos/alisg/tos-alisg-pve-0037c001/oIASeqwRqFmbfAGP04iARtgGJYYZfPAMx4xjeQ/?a=1988&bti=ODszNWYuMDE6&&bt=1261&ft=-Csk_maLPD12NtkTtn-UxnyFSY9e3wv25dcAp&mime_type=video_mp4&rc=ODZlPDNpZDhpNDdpNzpmNkBpMzZ4a3E5cjlzZDMzODczNEAxNV8wYzBjNTAxM18uNC0vYSNzMzQ2MmQ0ZTRhLS1kMTFzcw%3D%3D&expire=1788208013&l=202608300426307E1066E9BBF8A6B34B36&ply_type=2&policy=2&signature=4db9d5f5397a4e0831990243efa83426&tk=tt_chain_token&btag=e00078000:0
[    3873ms] [WARNING] [04:26:31.840][warn][demux.fetch][2](loaderId=7) PlayerError: NETWORK_FORBIDDEN
    at https://sf16-website-login.neutral.ttwstatic.com/obj/tiktok_web_login_static/tiktok/webapp/main/react-v18/webapp-desktop/static/js/async/58204.c99dc8a6.js:11:38475 @ https://sf16-website-login.neutral.ttwstatic.com/obj/tiktok_web_login_static/tiktok/webapp/main/react-v18/webapp-desktop/static/js/async/79936.7ef6faba.js:0
[    3873ms] [WARNING] [04:26:31.840][warn][multiplex][2] event.exception {code: 2103, message: NETWORK_FORBIDDEN} @ https://sf16-website-login.neutral.ttwstatic.com/obj/tiktok_web_login_static/tiktok/webapp/main/react-v18/webapp-desktop/static/js/async/79936.7ef6faba.js:0
[    4155ms] [ERROR] The Content Security Policy directive 'upgrade-insecure-requests' is ignored when delivered in a report-only policy. @ https://sf16-website-login.neutral.ttwstatic.com/obj/tiktok_web_login_static/webmssdk/1.0.0.388/webmssdk.js:0
[    4157ms] [ERROR] The Content Security Policy directive 'upgrade-insecure-requests' is ignored when delivered in a report-only policy. @ https://sf16-website-login.neutral.ttwstatic.com/obj/tiktok_web_login_static/webmssdk/1.0.0.388/webmssdk.js:0
[    4171ms] [WARNING] [TikTok desktop app SDK Monitor]:   WARN:[printFirstFeedShow]The current environment is not inside the client. @ https://sf16-website-login.neutral.ttwstatic.com/obj/tiktok_web_login_static/tiktok/webapp/main/react-v18/webapp-desktop/static/js/webapp-desktop.4fb19bf6.js:0
[    4181ms] [ERROR] Failed to load resource: the server responded with a status of 403 () @ https://v16-webapp-prime.tiktok.com/video/tos/alisg/tos-alisg-pve-0037c001/oIASeqwRqFmbfAGP04iARtgGJYYZfPAMx4xjeQ/?a=1988&bti=bGRuZHxvMXIxcm53Zm1cYF9ebWFzaHFmOg%3D%3D&&bt=1261&ft=HAY7nvT4QtHUxynKptC6E4DjYlIoVTN1GbuN.c4q8Z4ka&mime_type=video_mp4&rc=ODZlPDNpZDhpNDdpNzpmNkBpMzZ4a3E5cjlzZDMzODczNEAxNV8wYzBjNTAxM18uNC0vYSNzMzQ2MmQ0ZTRhLS1kMTFzcw%3D%3D&expire=1788056814&l=20260830042631F2A1EEAA8149FBB50212&ply_type=2&policy=2&signature=c351690d52902307cf528dd847400a27&tk=tt_chain_token&btag=e000b8000:0
[    4181ms] [ERROR] [04:26:32.149][error][demux.fetch][2](loaderId=7) PlayerError: NETWORK_FORBIDDEN
    at https://sf16-website-login.neutral.ttwstatic.com/obj/tiktok_web_login_static/tiktok/webapp/main/react-v18/webapp-desktop/static/js/async/58204.c99dc8a6.js:11:38475 @ https://sf16-website-login.neutral.ttwstatic.com/obj/tiktok_web_login_static/tiktok/webapp/main/react-v18/webapp-desktop/static/js/webapp-desktop.4fb19bf6.js:0
[    4181ms] [WARNING] [04:26:32.149][warn][multiplex][2] multiplex downgrade: 2103 NETWORK_FORBIDDEN @ https://sf16-website-login.neutral.ttwstatic.com/obj/tiktok_web_login_static/tiktok/webapp/main/react-v18/webapp-desktop/static/js/async/79936.7ef6faba.js:0
[    4183ms] [ERROR] The Content Security Policy directive 'upgrade-insecure-requests' is ignored when delivered in a report-only policy. @ https://sf16-website-login.neutral.ttwstatic.com/obj/tiktok_web_login_static/webmssdk/1.0.0.388/webmssdk.js:0
[    4183ms] [ERROR] The Content Security Policy directive 'upgrade-insecure-requests' is ignored when delivered in a report-only policy. @ https://sf16-website-login.neutral.ttwstatic.com/obj/tiktok_web_login_static/webmssdk/1.0.0.388/webmssdk.js:0
[    4292ms] [ERROR] The Content Security Policy directive 'upgrade-insecure-requests' is ignored when delivered in a report-only policy. @ https://sf16-website-login.neutral.ttwstatic.com/obj/tiktok_web_login_static/webmssdk/1.0.0.388/webmssdk.js:0
[    4293ms] [ERROR] The Content Security Policy directive 'upgrade-insecure-requests' is ignored when delivered in a report-only policy. @ https://sf16-website-login.neutral.ttwstatic.com/obj/tiktok_web_login_static/webmssdk/1.0.0.388/webmssdk.js:0
[    4304ms] [ERROR] The Content Security Policy directive 'upgrade-insecure-requests' is ignored when delivered in a report-only policy. @ https://sf16-website-login.neutral.ttwstatic.com/obj/tiktok_web_login_static/webmssdk/1.0.0.388/webmssdk.js:0
[    4305ms] [ERROR] The Content Security Policy directive 'upgrade-insecure-requests' is ignored when delivered in a report-only policy. @ https://sf16-website-login.neutral.ttwstatic.com/obj/tiktok_web_login_static/webmssdk/1.0.0.388/webmssdk.js:0
[    4522ms] [WARNING] [i18n] missing key [en] Webapp TikTok i18n title TikTok i18n title @ https://sf16-website-login.neutral.ttwstatic.com/obj/tiktok_web_login_static/tiktok/webapp/main/react-v18/webapp-desktop/static/js/biz.common.lib.700647f5.js:0
[    5170ms] [WARNING] [i18n] missing key [en] Webapp Close_button Close_button @ https://sf16-website-login.neutral.ttwstatic.com/obj/tiktok_web_login_static/tiktok/webapp/main/react-v18/webapp-desktop/static/js/biz.common.lib.700647f5.js:0
[    5172ms] [WARNING] The 'deprecatedStyle' prop is deprecated. Please use the associated style props instead (e.g. "marginInline", "flex") @ https://sf16-website-login.neutral.ttwstatic.com/obj/tiktok_web_login_static/tiktok/webapp/main/react-v18/webapp-desktop/static/js/async/16119.4be2579f.js:0
[    5210ms] [WARNING] The 'deprecatedStyle' prop is deprecated. Please use the associated style props instead (e.g. "marginInline", "flex") @ https://sf16-website-login.neutral.ttwstatic.com/obj/tiktok_web_login_static/tiktok/webapp/main/react-v18/webapp-desktop/static/js/async/16119.4be2579f.js:0
[    5407ms] [WARNING] The 'deprecatedStyle' prop is deprecated. Please use the associated style props instead (e.g. "marginInline", "flex") @ https://sf16-website-login.neutral.ttwstatic.com/obj/tiktok_web_login_static/tiktok/webapp/main/react-v18/webapp-desktop/static/js/async/16119.4be2579f.js:0
[    5444ms] [LOG] %c %s color: yellow; background-color: black; [instance: cookie_banner_tea_sdk] appid: 345918, userInfo:{"user_unique_id":"7679552662572926485","web_id":"7679552662572926485"} @ https://sf16-website-login.neutral.ttwstatic.com/obj/tiktok_web_login_static/webmssdk/1.0.0.388/webmssdk.js:0
[    5445ms] [LOG] %c %s color: yellow; background-color: black; [instance: cookie_banner_tea_sdk] appid: 345918, sdk is ready, version is 5.3.17, you can report now !!! @ https://sf16-website-login.neutral.ttwstatic.com/obj/tiktok_web_login_static/webmssdk/1.0.0.388/webmssdk.js:0
[    5750ms] [WARNING] The 'deprecatedStyle' prop is deprecated. Please use the associated style props instead (e.g. "marginInline", "flex") @ https://sf16-website-login.neutral.ttwstatic.com/obj/tiktok_web_login_static/tiktok/webapp/main/react-v18/webapp-desktop/static/js/async/16119.4be2579f.js:0
[    5888ms] [ERROR] The Content Security Policy directive 'upgrade-insecure-requests' is ignored when delivered in a report-only policy. @ https://sf16-website-login.neutral.ttwstatic.com/obj/tiktok_web_login_static/ttweb_webmssdk_ex/1.0.0.2826/webmssdk_ex.js:0
[    5891ms] [ERROR] The Content Security Policy directive 'upgrade-insecure-requests' is ignored when delivered in a report-only policy. @ https://sf16-website-login.neutral.ttwstatic.com/obj/tiktok_web_login_static/ttweb_webmssdk_ex/1.0.0.2826/webmssdk_ex.js:0
[    5942ms] [ERROR] The Content Security Policy directive 'upgrade-insecure-requests' is ignored when delivered in a report-only policy. @ https://sf16-website-login.neutral.ttwstatic.com/obj/tiktok_web_login_static/ttweb_webmssdk_ex/1.0.0.2826/webmssdk_ex.js:0
[    5943ms] [ERROR] The Content Security Policy directive 'upgrade-insecure-requests' is ignored when delivered in a report-only policy. @ https://sf16-website-login.neutral.ttwstatic.com/obj/tiktok_web_login_static/ttweb_webmssdk_ex/1.0.0.2826/webmssdk_ex.js:0
[    6107ms] [WARNING] Reflect is already polyfilled. @ https://sf16-website-login.neutral.ttwstatic.com/obj/tiktok_web_login_static/tiktok/web/tiktok_fe_login_vmok/static/js/async/3789.5594e81d.js:0
[    6194ms] [LOG] [browser check] %s, os:  Chrome Mac OS @ https://sf16-website-login.neutral.ttwstatic.com/obj/tiktok_web_login_static/webmssdk/1.0.0.388/webmssdk.js:0
[    6198ms] [WARNING] InvalidCharacterError: Failed to execute 'atob' on 'Window': The string to be decoded is not correctly encoded.
    at n (https://sf16-website-login.neutral.ttwstatic.com/obj/tiktok_web_login_static/tiktok/web/tiktok_fe_login_vmok/static/js/async/3789.5594e81d.js:31:470743)
    at k.getLoginContext (https://sf16-website-login.neutral.ttwstatic.com/obj/tiktok_web_login_static/tiktok/web/tiktok_fe_login_vmok/static/js/async/3789.5594e81d.js:31:307730)
    at https://sf16-website-login.neutral.ttwstatic.com/obj/tiktok_web_login_static/tiktok/web/tiktok_fe_login_vmok/static/js/async/3789.5594e81d.js:31:304177
    at h (https://sf16-website-login.neutral.ttwstatic.com/obj/tiktok_web_login_static/tiktok/web/tiktok_fe_login_vmok/static/js/async/3978.af615fbc.js:1:5781)
    at v (https://sf16-website-login.neutral.ttwstatic.com/obj/tiktok_web_login_static/tiktok/web/tiktok_fe_login_vmok/static/js/async/3978.af615fbc.js:1:5729)
    at u._next (https://sf16-website-login.neutral.ttwstatic.com/obj/tiktok_web_login_static/tiktok/web/tiktok_fe_login_vmok/static/js/async/1265.e3c8e566.js:1:9038)
    at t.next (https://sf16-website-login.neutral.ttwstatic.com/obj/tiktok_web_login_static/tiktok/web/tiktok_fe_login_vmok/static/js/async/1265.e3c8e566.js:1:4845)
    at https://sf16-website-login.neutral.ttwstatic.com/obj/tiktok_web_login_static/tiktok/webapp/main/react-v18/webapp-desktop/static/js/npm-rxjs.3002fb8b.js:1:25781
    at c._next (https://sf16-website-login.neutral.ttwstatic.com/obj/tiktok_web_login_static/tiktok/webapp/main/react-v18/webapp-desktop/static/js/npm-rxjs.3002fb8b.js:1:19794)
    at r.next (https://sf16-website-login.neutral.ttwstatic.com/obj/tiktok_web_login_static/tiktok/webapp/main/react-v18/webapp-desktop/static/js/npm-rxjs.3002fb8b.js:1:7426) @ https://sf16-website-login.neutral.ttwstatic.com/obj/tiktok_web_login_static/tiktok/web/tiktok_fe_login_vmok/static/js/async/3789.5594e81d.js:30
[    6201ms] [INFO] Loading the script 'https://accounts.google.com/gsi/client' violates the following Content Security Policy directive: "script-src 'report-sample' 'unsafe-eval' apis.google.com c.paypal.com client-api.arkoselabs.com code.jquery.com connect.facebook.net developers.kakao.com js.hcaptcha.com js.hsforms.net pay.google.com recaptcha.google.com s20.tiktokcdn.com s3.amazonaws.com sf16-website-login.neutral.ttwstatic.com sf16-website.neutral.ttwstatic.com ssl.bing.com static.captchami.com tiktok.captchami.com unpkg.com www.vimeo.com". Note that 'script-src-elem' was not explicitly set, so 'script-src' is used as a fallback. The policy is report-only, so the violation has been logged but no further action has been taken. @ https://sf16-website-login.neutral.ttwstatic.com/obj/tiktok_web_login_static/tiktok/web/tiktok_fe_login_vmok/static/js/async/3789.5594e81d.js:30
[    6595ms] [WARNING] [GSI_LOGGER]: Your client application uses one of the Google One Tap prompt UI status methods that may stop functioning when FedCM becomes mandatory. Refer to the migration guide to update your code accordingly and opt-in to FedCM to test your changes. Learn more: https://developers.google.com/identity/gsi/web/guides/fedcm-migration?s=dc#display_moment and https://developers.google.com/identity/gsi/web/guides/fedcm-migration?s=dc#skipped_moment @ https://accounts.google.com/gsi/client:86
[    6603ms] [ERROR] Not signed in with the identity provider. @ https://www.tiktok.com/@thegolden.nuggets/video/7655301781383154965?lang=kk:0
[    9348ms] [ERROR] Failed to load resource: the server responded with a status of 403 () @ https://v16-webapp-prime.tiktok.com/video/tos/alisg/tos-alisg-pve-0037c001/oUeA2CEaLwDIjfAZQLw9FuzDfyog7UIIS9QNkh/?a=1988&bti=ODszNWYuMDE6&&bt=958&ft=-Csk_maLPD12NtkTtn-UxnyFSY9e3wv25dcAp&mime_type=video_mp4&rc=aDlmZzM7Zjs5OjtpNGhnPEBpamZ1dnM5cjZ0PDMzODczNEAwNl41XjAxXzUxLS5hYGM1YSNxcWcvMmRjNXBhLS1kMTFzcw%3D%3D&expire=1788208028&l=202608300426307E1066E9BBF8A6B34B36&ply_type=2&policy=2&signature=f0509a09aedc8a9d55b7204cd25e3eef&tk=tt_chain_token&btag=e00048000:0
[    9349ms] [WARNING] [04:26:37.316][warn][preload.demux.fetch][0](loaderId=12) PlayerError: NETWORK_FORBIDDEN
    at https://sf16-website-login.neutral.ttwstatic.com/obj/tiktok_web_login_static/tiktok/webapp/main/react-v18/webapp-desktop/static/js/async/58204.c99dc8a6.js:11:38475 @ https://sf16-website-login.neutral.ttwstatic.com/obj/tiktok_web_login_static/tiktok/webapp/main/react-v18/webapp-desktop/static/js/async/79936.7ef6faba.js:0
[    9388ms] [ERROR] Failed to load resource: the server responded with a status of 403 () @ https://v19-webapp-prime.tiktok.com/video/tos/alisg/tos-alisg-pve-0037c001/oUeA2CEaLwDIjfAZQLw9FuzDfyog7UIIS9QNkh/?a=1988&bti=ODszNWYuMDE6&&bt=958&ft=-Csk_maLPD12NtkTtn-UxnyFSY9e3wv25dcAp&mime_type=video_mp4&rc=aDlmZzM7Zjs5OjtpNGhnPEBpamZ1dnM5cjZ0PDMzODczNEAwNl41XjAxXzUxLS5hYGM1YSNxcWcvMmRjNXBhLS1kMTFzcw%3D%3D&expire=1788208028&l=202608300426307E1066E9BBF8A6B34B36&ply_type=2&policy=2&signature=f0509a09aedc8a9d55b7204cd25e3eef&tk=tt_chain_token&btag=e00048000:0
[    9389ms] [WARNING] [04:26:37.356][warn][preload.demux.fetch][0](loaderId=12) PlayerError: NETWORK_FORBIDDEN
    at https://sf16-website-login.neutral.ttwstatic.com/obj/tiktok_web_login_static/tiktok/webapp/main/react-v18/webapp-desktop/static/js/async/58204.c99dc8a6.js:11:38475 @ https://sf16-website-login.neutral.ttwstatic.com/obj/tiktok_web_login_static/tiktok/webapp/main/react-v18/webapp-desktop/static/js/async/79936.7ef6faba.js:0
[    9563ms] [ERROR] Failed to load resource: the server responded with a status of 403 () @ https://v16-webapp-prime.tiktok.com/video/tos/alisg/tos-alisg-pve-0037c001/oUeA2CEaLwDIjfAZQLw9FuzDfyog7UIIS9QNkh/?a=1988&bti=bGRuZHxvMXIxcm53Zm1cYF9ebWFzaHFmOg%3D%3D&&bt=958&ft=HAY7nvT4QtHUxynKptC6E4DjYluoVTN1GbuN.c4q8Z4ka&mime_type=video_mp4&rc=aDlmZzM7Zjs5OjtpNGhnPEBpamZ1dnM5cjZ0PDMzODczNEAwNl41XjAxXzUxLS5hYGM1YSNxcWcvMmRjNXBhLS1kMTFzcw%3D%3D&expire=1788056834&l=202608300426375517DF5CACC5F1BC6AB2&ply_type=2&policy=2&signature=7652ee5fbf4b34c0797b1227f2d77584&tk=tt_chain_token&btag=e00088000:0
[    9563ms] [ERROR] [04:26:37.531][error][preload.demux.fetch][0](loaderId=12) PlayerError: NETWORK_FORBIDDEN
    at https://sf16-website-login.neutral.ttwstatic.com/obj/tiktok_web_login_static/tiktok/webapp/main/react-v18/webapp-desktop/static/js/async/58204.c99dc8a6.js:11:38475 @ https://sf16-website-login.neutral.ttwstatic.com/obj/tiktok_web_login_static/tiktok/webapp/main/react-v18/webapp-desktop/static/js/webapp-desktop.4fb19bf6.js:0
[    9564ms] [WARNING] [04:26:37.531][warn][preloader][1] event.error {code: 2103, message: NETWORK_FORBIDDEN} @ https://sf16-website-login.neutral.ttwstatic.com/obj/tiktok_web_login_static/tiktok/webapp/main/react-v18/webapp-desktop/static/js/async/79936.7ef6faba.js:0
[    9564ms] [ERROR] [Preloader_TT] onPreloaderError PlayerError: NETWORK_FORBIDDEN
    at x.$processErrorAndFallback (https://sf16-website-login.neutral.ttwstatic.com/obj/tiktok_web_login_static/tiktok/webapp/main/react-v18/webapp-desktop/static/js/async/58204.c99dc8a6.js:11:34882)
    at https://sf16-website-login.neutral.ttwstatic.com/obj/tiktok_web_login_static/tiktok/webapp/main/react-v18/webapp-desktop/static/js/async/58204.c99dc8a6.js:11:40960 @ https://sf16-website-login.neutral.ttwstatic.com/obj/tiktok_web_login_static/tiktok/webapp/main/react-v18/webapp-desktop/static/js/webapp-desktop.4fb19bf6.js:0
[    9598ms] [ERROR] Failed to load resource: the server responded with a status of 403 () @ https://v16-webapp-prime.tiktok.com/video/tos/alisg/tos-alisg-pve-0037c001/o8KVJq8vEkRZAFxVUQUI6gBkirHVBvD9EEyfRe/?a=1988&bti=ODszNWYuMDE6&&bt=870&ft=-Csk_maLPD12NtkTtn-UxnyFSY9e3wv25dcAp&mime_type=video_mp4&rc=MzZpPDdoZGc1ZTw2NzQ0O0BpanhueXg5cnRzPDMzODczNEBjMS0yLS82NV4xYGFiYy42YSNraGRvMmRzMV5hLS1kMTFzcw%3D%3D&expire=1788208065&l=202608300426307E1066E9BBF8A6B34B36&ply_type=2&policy=2&signature=7d258d2a51949b8534eb3fd49e836d61&tk=tt_chain_token&btag=e00048000:0
[    9598ms] [WARNING] [04:26:37.565][warn][preload.demux.fetch][0](loaderId=17) PlayerError: NETWORK_FORBIDDEN
    at https://sf16-website-login.neutral.ttwstatic.com/obj/tiktok_web_login_static/tiktok/webapp/main/react-v18/webapp-desktop/static/js/async/58204.c99dc8a6.js:11:38475 @ https://sf16-website-login.neutral.ttwstatic.com/obj/tiktok_web_login_static/tiktok/webapp/main/react-v18/webapp-desktop/static/js/async/79936.7ef6faba.js:0
[    9652ms] [ERROR] Failed to load resource: the server responded with a status of 403 () @ https://v19-webapp-prime.tiktok.com/video/tos/alisg/tos-alisg-pve-0037c001/o8KVJq8vEkRZAFxVUQUI6gBkirHVBvD9EEyfRe/?a=1988&bti=ODszNWYuMDE6&&bt=870&ft=-Csk_maLPD12NtkTtn-UxnyFSY9e3wv25dcAp&mime_type=video_mp4&rc=MzZpPDdoZGc1ZTw2NzQ0O0BpanhueXg5cnRzPDMzODczNEBjMS0yLS82NV4xYGFiYy42YSNraGRvMmRzMV5hLS1kMTFzcw%3D%3D&expire=1788208065&l=202608300426307E1066E9BBF8A6B34B36&ply_type=2&policy=2&signature=7d258d2a51949b8534eb3fd49e836d61&tk=tt_chain_token&btag=e00048000:0
[    9652ms] [WARNING] [04:26:37.619][warn][preload.demux.fetch][0](loaderId=17) PlayerError: NETWORK_FORBIDDEN
    at https://sf16-website-login.neutral.ttwstatic.com/obj/tiktok_web_login_static/tiktok/webapp/main/react-v18/webapp-desktop/static/js/async/58204.c99dc8a6.js:11:38475 @ https://sf16-website-login.neutral.ttwstatic.com/obj/tiktok_web_login_static/tiktok/webapp/main/react-v18/webapp-desktop/static/js/async/79936.7ef6faba.js:0
[    9824ms] [ERROR] Failed to load resource: the server responded with a status of 403 () @ https://v16-webapp-prime.tiktok.com/video/tos/alisg/tos-alisg-pve-0037c001/o8KVJq8vEkRZAFxVUQUI6gBkirHVBvD9EEyfRe/?a=1988&bti=bGRuZHxvMXIxcm53Zm1cYF9ebWFzaHFmOg%3D%3D&&bt=870&ft=HAY7nvT4QtHUxynKptC6E4DjYluoVTN1GbuN.c4q8Z4ka&mime_type=video_mp4&rc=MzZpPDdoZGc1ZTw2NzQ0O0BpanhueXg5cnRzPDMzODczNEBjMS0yLS82NV4xYGFiYy42YSNraGRvMmRzMV5hLS1kMTFzcw%3D%3D&expire=1788056871&l=202608300426375517DF5CACC5F1BC6ACD&ply_type=2&policy=2&signature=fa0326b7c66e396d7b9d970c6b93f612&tk=tt_chain_token&btag=e00050000:0
[    9824ms] [ERROR] [04:26:37.791][error][preload.demux.fetch][0](loaderId=17) PlayerError: NETWORK_FORBIDDEN
    at https://sf16-website-login.neutral.ttwstatic.com/obj/tiktok_web_login_static/tiktok/webapp/main/react-v18/webapp-desktop/static/js/async/58204.c99dc8a6.js:11:38475 @ https://sf16-website-login.neutral.ttwstatic.com/obj/tiktok_web_login_static/tiktok/webapp/main/react-v18/webapp-desktop/static/js/webapp-desktop.4fb19bf6.js:0
[    9824ms] [WARNING] [04:26:37.792][warn][preloader][1] event.error {code: 2103, message: NETWORK_FORBIDDEN} @ https://sf16-website-login.neutral.ttwstatic.com/obj/tiktok_web_login_static/tiktok/webapp/main/react-v18/webapp-desktop/static/js/async/79936.7ef6faba.js:0
[    9824ms] [ERROR] [Preloader_TT] onPreloaderError PlayerError: NETWORK_FORBIDDEN
    at x.$processErrorAndFallback (https://sf16-website-login.neutral.ttwstatic.com/obj/tiktok_web_login_static/tiktok/webapp/main/react-v18/webapp-desktop/static/js/async/58204.c99dc8a6.js:11:34882)
    at https://sf16-website-login.neutral.ttwstatic.com/obj/tiktok_web_login_static/tiktok/webapp/main/react-v18/webapp-desktop/static/js/async/58204.c99dc8a6.js:11:40960 @ https://sf16-website-login.neutral.ttwstatic.com/obj/tiktok_web_login_static/tiktok/webapp/main/react-v18/webapp-desktop/static/js/webapp-desktop.4fb19bf6.js:0
[    9862ms] [ERROR] Failed to load resource: the server responded with a status of 403 () @ https://v16-webapp-prime.tiktok.com/video/tos/alisg/tos-alisg-pve-0037c001/o0uMBlfDUIzEROqEBudgpUebRBVA4Ek4FQECEg/?a=1988&bti=ODszNWYuMDE6&&bt=1189&ft=-Csk_maLPD12NtkTtn-UxnyFSY9e3wv25dcAp&mime_type=video_mp4&rc=NGdmZzRoOTs8PGY8aDM1M0BpM3hkPHM5cjN1PDMzODczNEAxMl80YDM1NWMxMjItMTVeYSNkYmZkMmRrZjVhLS1kMTFzcw%3D%3D&expire=1788208024&l=202608300426307E1066E9BBF8A6B34B36&ply_type=2&policy=2&signature=b104ef49a5ae3fdd452bad273e44cd08&tk=tt_chain_token&btag=e00048000:0
[    9862ms] [WARNING] [04:26:37.830][warn][preload.demux.fetch][0](loaderId=22) PlayerError: NETWORK_FORBIDDEN
    at https://sf16-website-login.neutral.ttwstatic.com/obj/tiktok_web_login_static/tiktok/webapp/main/react-v18/webapp-desktop/static/js/async/58204.c99dc8a6.js:11:38475 @ https://sf16-website-login.neutral.ttwstatic.com/obj/tiktok_web_login_static/tiktok/webapp/main/react-v18/webapp-desktop/static/js/async/79936.7ef6faba.js:0
[    9899ms] [ERROR] Failed to load resource: the server responded with a status of 403 () @ https://v19-webapp-prime.tiktok.com/video/tos/alisg/tos-alisg-pve-0037c001/o0uMBlfDUIzEROqEBudgpUebRBVA4Ek4FQECEg/?a=1988&bti=ODszNWYuMDE6&&bt=1189&ft=-Csk_maLPD12NtkTtn-UxnyFSY9e3wv25dcAp&mime_type=video_mp4&rc=NGdmZzRoOTs8PGY8aDM1M0BpM3hkPHM5cjN1PDMzODczNEAxMl80YDM1NWMxMjItMTVeYSNkYmZkMmRrZjVhLS1kMTFzcw%3D%3D&expire=1788208024&l=202608300426307E1066E9BBF8A6B34B36&ply_type=2&policy=2&signature=b104ef49a5ae3fdd452bad273e44cd08&tk=tt_chain_token&btag=e00048000:0
[    9899ms] [WARNING] [04:26:37.867][warn][preload.demux.fetch][0](loaderId=22) PlayerError: NETWORK_FORBIDDEN
    at https://sf16-website-login.neutral.ttwstatic.com/obj/tiktok_web_login_static/tiktok/webapp/main/react-v18/webapp-desktop/static/js/async/58204.c99dc8a6.js:11:38475 @ https://sf16-website-login.neutral.ttwstatic.com/obj/tiktok_web_login_static/tiktok/webapp/main/react-v18/webapp-desktop/static/js/async/79936.7ef6faba.js:0
[   10064ms] [ERROR] Failed to load resource: the server responded with a status of 403 () @ https://v16-webapp-prime.tiktok.com/video/tos/alisg/tos-alisg-pve-0037c001/o0uMBlfDUIzEROqEBudgpUebRBVA4Ek4FQECEg/?a=1988&bti=bGRuZHxvMXIxcm53Zm1cYF9ebWFzaHFmOg%3D%3D&&bt=1189&ft=HAY7nvT4QtHUxynKptC6E4DjYluoVTN1GbuN.c4q8Z4ka&mime_type=video_mp4&rc=NGdmZzRoOTs8PGY8aDM1M0BpM3hkPHM5cjN1PDMzODczNEAxMl80YDM1NWMxMjItMTVeYSNkYmZkMmRrZjVhLS1kMTFzcw%3D%3D&expire=1788056830&l=202608300426375F052B4A37E8C1B934F7&ply_type=2&policy=2&signature=f9f142655e9b63a9c25cda729f2323b8&tk=tt_chain_token&btag=e00048000:0
[   10065ms] [ERROR] [04:26:38.032][error][preload.demux.fetch][0](loaderId=22) PlayerError: NETWORK_FORBIDDEN
    at https://sf16-website-login.neutral.ttwstatic.com/obj/tiktok_web_login_static/tiktok/webapp/main/react-v18/webapp-desktop/static/js/async/58204.c99dc8a6.js:11:38475 @ https://sf16-website-login.neutral.ttwstatic.com/obj/tiktok_web_login_static/tiktok/webapp/main/react-v18/webapp-desktop/static/js/webapp-desktop.4fb19bf6.js:0
[   10065ms] [WARNING] [04:26:38.032][warn][preloader][1] event.error {code: 2103, message: NETWORK_FORBIDDEN} @ https://sf16-website-login.neutral.ttwstatic.com/obj/tiktok_web_login_static/tiktok/webapp/main/react-v18/webapp-desktop/static/js/async/79936.7ef6faba.js:0
[   10065ms] [ERROR] [Preloader_TT] onPreloaderError PlayerError: NETWORK_FORBIDDEN
    at x.$processErrorAndFallback (https://sf16-website-login.neutral.ttwstatic.com/obj/tiktok_web_login_static/tiktok/webapp/main/react-v18/webapp-desktop/static/js/async/58204.c99dc8a6.js:11:34882)
    at https://sf16-website-login.neutral.ttwstatic.com/obj/tiktok_web_login_static/tiktok/webapp/main/react-v18/webapp-desktop/static/js/async/58204.c99dc8a6.js:11:40960 @ https://sf16-website-login.neutral.ttwstatic.com/obj/tiktok_web_login_static/tiktok/webapp/main/react-v18/webapp-desktop/static/js/webapp-desktop.4fb19bf6.js:0
[   10131ms] [ERROR] Failed to load resource: the server responded with a status of 403 () @ https://v16-webapp-prime.tiktok.com/video/tos/alisg/tos-alisg-pve-0037c001/o4FpuIEqTArUB6yQErIdhR2BcUNfESQVEftgID/?a=1988&bti=ODszNWYuMDE6&&bt=1126&ft=-Csk_maLPD12NtkTtn-UxnyFSY9e3wv25dcAp&mime_type=video_mp4&rc=OTpoODo4ZGVmNzg2ZTpkNkBpanQ0bG85cnZ3PDMzODczNEBhM14zLjVhXzUxLmAxLmExYSNqNi9zMmRraDNhLS1kMWBzcw%3D%3D&expire=1788208051&l=202608300426307E1066E9BBF8A6B34B36&ply_type=2&policy=2&signature=03bbbe5f2e866ad7288b879a521d8d21&tk=tt_chain_token&btag=e00048000:0
[   10131ms] [WARNING] [04:26:38.099][warn][preload.demux.fetch][0](loaderId=27) PlayerError: NETWORK_FORBIDDEN
    at https://sf16-website-login.neutral.ttwstatic.com/obj/tiktok_web_login_static/tiktok/webapp/main/react-v18/webapp-desktop/static/js/async/58204.c99dc8a6.js:11:38475 @ https://sf16-website-login.neutral.ttwstatic.com/obj/tiktok_web_login_static/tiktok/webapp/main/react-v18/webapp-desktop/static/js/async/79936.7ef6faba.js:0
[   10175ms] [ERROR] Failed to load resource: the server responded with a status of 403 () @ https://v19-webapp-prime.tiktok.com/video/tos/alisg/tos-alisg-pve-0037c001/o4FpuIEqTArUB6yQErIdhR2BcUNfESQVEftgID/?a=1988&bti=ODszNWYuMDE6&&bt=1126&ft=-Csk_maLPD12NtkTtn-UxnyFSY9e3wv25dcAp&mime_type=video_mp4&rc=OTpoODo4ZGVmNzg2ZTpkNkBpanQ0bG85cnZ3PDMzODczNEBhM14zLjVhXzUxLmAxLmExYSNqNi9zMmRraDNhLS1kMWBzcw%3D%3D&expire=1788208051&l=202608300426307E1066E9BBF8A6B34B36&ply_type=2&policy=2&signature=03bbbe5f2e866ad7288b879a521d8d21&tk=tt_chain_token&btag=e00048000:0
[   10176ms] [WARNING] [04:26:38.143][warn][preload.demux.fetch][0](loaderId=27) PlayerError: NETWORK_FORBIDDEN
    at https://sf16-website-login.neutral.ttwstatic.com/obj/tiktok_web_login_static/tiktok/webapp/main/react-v18/webapp-desktop/static/js/async/58204.c99dc8a6.js:11:38475 @ https://sf16-website-login.neutral.ttwstatic.com/obj/tiktok_web_login_static/tiktok/webapp/main/react-v18/webapp-desktop/static/js/async/79936.7ef6faba.js:0
[   10338ms] [ERROR] Failed to load resource: the server responded with a status of 403 () @ https://v16-webapp-prime.tiktok.com/video/tos/alisg/tos-alisg-pve-0037c001/o4FpuIEqTArUB6yQErIdhR2BcUNfESQVEftgID/?a=1988&bti=bGRuZHxvMXIxcm53Zm1cYF9ebWFzaHFmOg%3D%3D&&bt=1126&ft=HAY7nvT4QtHUxynKptC6E4DjYlhoVTN1GbuN.c4q8Z4ka&mime_type=video_mp4&rc=OTpoODo4ZGVmNzg2ZTpkNkBpanQ0bG85cnZ3PDMzODczNEBhM14zLjVhXzUxLmAxLmExYSNqNi9zMmRraDNhLS1kMWBzcw%3D%3D&expire=1788056858&l=2026083004263845D58EAC0FFB9EB6F6CB&ply_type=2&policy=2&signature=a20edf4eb1a195725f63773f1b5cb23f&tk=tt_chain_token&btag=e00050000:0
[   10339ms] [ERROR] [04:26:38.306][error][preload.demux.fetch][0](loaderId=27) PlayerError: NETWORK_FORBIDDEN
    at https://sf16-website-login.neutral.ttwstatic.com/obj/tiktok_web_login_static/tiktok/webapp/main/react-v18/webapp-desktop/static/js/async/58204.c99dc8a6.js:11:38475 @ https://sf16-website-login.neutral.ttwstatic.com/obj/tiktok_web_login_static/tiktok/webapp/main/react-v18/webapp-desktop/static/js/webapp-desktop.4fb19bf6.js:0
[   10339ms] [WARNING] [04:26:38.307][warn][preloader][1] event.error {code: 2103, message: NETWORK_FORBIDDEN} @ https://sf16-website-login.neutral.ttwstatic.com/obj/tiktok_web_login_static/tiktok/webapp/main/react-v18/webapp-desktop/static/js/async/79936.7ef6faba.js:0
[   10339ms] [ERROR] [Preloader_TT] onPreloaderError PlayerError: NETWORK_FORBIDDEN
    at x.$processErrorAndFallback (https://sf16-website-login.neutral.ttwstatic.com/obj/tiktok_web_login_static/tiktok/webapp/main/react-v18/webapp-desktop/static/js/async/58204.c99dc8a6.js:11:34882)
    at https://sf16-website-login.neutral.ttwstatic.com/obj/tiktok_web_login_static/tiktok/webapp/main/react-v18/webapp-desktop/static/js/async/58204.c99dc8a6.js:11:40960 @ https://sf16-website-login.neutral.ttwstatic.com/obj/tiktok_web_login_static/tiktok/webapp/main/react-v18/webapp-desktop/static/js/webapp-desktop.4fb19bf6.js:0
[   16798ms] [WARNING] The 'deprecatedStyle' prop is deprecated. Please use the associated style props instead (e.g. "marginInline", "flex") @ https://sf16-website-login.neutral.ttwstatic.com/obj/tiktok_web_login_static/tiktok/webapp/main/react-v18/webapp-desktop/static/js/async/16119.4be2579f.js:0
[   17737ms] [WARNING] The 'deprecatedStyle' prop is deprecated. Please use the associated style props instead (e.g. "marginInline", "flex") @ https://sf16-website-login.neutral.ttwstatic.com/obj/tiktok_web_login_static/tiktok/webapp/main/react-v18/webapp-desktop/static/js/async/16119.4be2579f.js:0
[   17748ms] [WARNING] The 'deprecatedStyle' prop is deprecated. Please use the associated style props instead (e.g. "marginInline", "flex") @ https://sf16-website-login.neutral.ttwstatic.com/obj/tiktok_web_login_static/tiktok/webapp/main/react-v18/webapp-desktop/static/js/async/16119.4be2579f.js:0
[   17834ms] [ERROR] Failed to load resource: the server responded with a status of 403 () @ https://v16-webapp-prime.tiktok.com/video/tos/alisg/tos-alisg-ve-37c810-sg/oInvaBfIJCicA6JvCw3zvq0NoSIZWANGiEIAQ4/?a=1988&bti=ODszNWYuMDE6&&bt=1001&ft=-Csk_maLPD12NlvTtn-UxtvVhY9e3wv25ocAp&mime_type=video_mp4&rc=cnF8b2hsc2d3SkBwaHIxaDFybndmZzU6aGZnOzplaGZnaTs8ZUBpajo0dXE5cjxzNTMzODczNEBjRl5Nc3FePmJKYSNvYF90aHFmOiM2Nl8vYDAvNTUxYDReNTIwYSMxZ21rMmRrcm1hLS1kMTFzcw%3D%3D&expire=1788208024&l=202608300426455517DF5CACC5F1BC6E34&ply_type=2&policy=2&signature=3c04f340749293e80bfa928120ded608&tk=tt_chain_token&btag=e000b8000:0
[   17835ms] [WARNING] [04:26:45.803][warn][demux.fetch][1](loaderId=2) PlayerError: NETWORK_FORBIDDEN
    at https://sf16-website-login.neutral.ttwstatic.com/obj/tiktok_web_login_static/tiktok/webapp/main/react-v18/webapp-desktop/static/js/async/58204.c99dc8a6.js:11:38475 @ https://sf16-website-login.neutral.ttwstatic.com/obj/tiktok_web_login_static/tiktok/webapp/main/react-v18/webapp-desktop/static/js/async/79936.7ef6faba.js:0
[   17836ms] [WARNING] [04:26:45.804][warn][multiplex][1] event.exception {code: 2103, message: NETWORK_FORBIDDEN} @ https://sf16-website-login.neutral.ttwstatic.com/obj/tiktok_web_login_static/tiktok/webapp/main/react-v18/webapp-desktop/static/js/async/79936.7ef6faba.js:0
[   17885ms] [ERROR] Failed to load resource: the server responded with a status of 403 () @ https://v19-webapp-prime.tiktok.com/video/tos/alisg/tos-alisg-ve-37c810-sg/oInvaBfIJCicA6JvCw3zvq0NoSIZWANGiEIAQ4/?a=1988&bti=ODszNWYuMDE6&&bt=1001&ft=-Csk_maLPD12NlvTtn-UxtvVhY9e3wv25ocAp&mime_type=video_mp4&rc=cnF8b2hsc2d3SkBwaHIxaDFybndmZzU6aGZnOzplaGZnaTs8ZUBpajo0dXE5cjxzNTMzODczNEBjRl5Nc3FePmJKYSNvYF90aHFmOiM2Nl8vYDAvNTUxYDReNTIwYSMxZ21rMmRrcm1hLS1kMTFzcw%3D%3D&expire=1788208024&l=202608300426455517DF5CACC5F1BC6E34&ply_type=2&policy=2&signature=3c04f340749293e80bfa928120ded608&tk=tt_chain_token&btag=e000b8000:0
[   17885ms] [WARNING] [04:26:45.853][warn][demux.fetch][1](loaderId=2) PlayerError: NETWORK_FORBIDDEN
    at https://sf16-website-login.neutral.ttwstatic.com/obj/tiktok_web_login_static/tiktok/webapp/main/react-v18/webapp-desktop/static/js/async/58204.c99dc8a6.js:11:38475 @ https://sf16-website-login.neutral.ttwstatic.com/obj/tiktok_web_login_static/tiktok/webapp/main/react-v18/webapp-desktop/static/js/async/79936.7ef6faba.js:0
[   17886ms] [WARNING] [04:26:45.853][warn][multiplex][1] event.exception {code: 2103, message: NETWORK_FORBIDDEN} @ https://sf16-website-login.neutral.ttwstatic.com/obj/tiktok_web_login_static/tiktok/webapp/main/react-v18/webapp-desktop/static/js/async/79936.7ef6faba.js:0
[   18048ms] [ERROR] Failed to load resource: the server responded with a status of 403 () @ https://v16-webapp-prime.tiktok.com/video/tos/alisg/tos-alisg-ve-37c810-sg/oInvaBfIJCicA6JvCw3zvq0NoSIZWANGiEIAQ4/?a=1988&bti=bGRuZHxvMXIxcm53Zm1cYF9ebWFzaHFmOg%3D%3D&&bt=1001&ft=HAY7nvT4QtHUxynKptC6E4DjYl3cVTN1GbuN.c4q8Z4ka&mime_type=video_mp4&rc=ZzU6aGZnOzplaGZnaTs8ZUBpajo0dXE5cjxzNTMzODczNEA2Nl8vYDAvNTUxYDReNTIwYSMxZ21rMmRrcm1hLS1kMTFzcw%3D%3D&expire=1788056824&l=202608300426455517DF5CACC5F1BC6E81&ply_type=2&policy=2&signature=4ae91f77254d6d79d6403e9d7cd85c7b&tk=tt_chain_token&btag=e000b8000:0
[   18049ms] [ERROR] [04:26:46.016][error][demux.fetch][1](loaderId=2) PlayerError: NETWORK_FORBIDDEN
    at https://sf16-website-login.neutral.ttwstatic.com/obj/tiktok_web_login_static/tiktok/webapp/main/react-v18/webapp-desktop/static/js/async/58204.c99dc8a6.js:11:38475 @ https://sf16-website-login.neutral.ttwstatic.com/obj/tiktok_web_login_static/tiktok/webapp/main/react-v18/webapp-desktop/static/js/webapp-desktop.4fb19bf6.js:0
[   18049ms] [WARNING] [04:26:46.016][warn][multiplex][1] multiplex downgrade: 2103 NETWORK_FORBIDDEN @ https://sf16-website-login.neutral.ttwstatic.com/obj/tiktok_web_login_static/tiktok/webapp/main/react-v18/webapp-desktop/static/js/async/79936.7ef6faba.js:0
[   18050ms] [WARNING] [04:26:46.017][warn][controller][1] AbortError: The play() request was interrupted by a new load request. https://goo.gl/LdLk22 @ https://sf16-website-login.neutral.ttwstatic.com/obj/tiktok_web_login_static/tiktok/webapp/main/react-v18/webapp-desktop/static/js/async/79936.7ef6faba.js:0
[   18050ms] [WARNING] [04:26:46.017][warn][controller][1] AbortError: The play() request was interrupted by a new load request. https://goo.gl/LdLk22 @ https://sf16-website-login.neutral.ttwstatic.com/obj/tiktok_web_login_static/tiktok/webapp/main/react-v18/webapp-desktop/static/js/async/79936.7ef6faba.js:0
[   19103ms] [WARNING] The 'deprecatedStyle' prop is deprecated. Please use the associated style props instead (e.g. "marginInline", "flex") @ https://sf16-website-login.neutral.ttwstatic.com/obj/tiktok_web_login_static/tiktok/webapp/main/react-v18/webapp-desktop/static/js/async/16119.4be2579f.js:0
[   19174ms] [ERROR] Failed to load resource: the server responded with a status of 403 () @ https://v16-webapp-prime.tiktok.com/video/tos/alisg/tos-alisg-pve-0037c001/oA4EAPYoi2SAiSYLiIAQaBzEXuBEYjLBitiv9/?a=1988&bti=ODszNWYuMDE6&&bt=753&eid=16384&ft=-Csk_maLPD12NlvTtn-UxtvVhY9e3wv25ocAp&mime_type=video_mp4&rc=N2Q0aGQ7ODM2Ojo6M2RnPEBpMzU7ZXI5cjZvMzMzODczNEAyY2FhLmAwNmExXi80LjM0YSNlNmg2MmQ0ZTRhLS1kMWBzcw%3D%3D&expire=1788208124&l=202608300426455517DF5CACC5F1BC6E34&ply_type=2&policy=2&signature=3463020fb392b24627f1396803606501&tk=tt_chain_token&btag=e00048000:0
[   19175ms] [WARNING] [04:26:47.142][warn][demux.fetch][1](loaderId=2) PlayerError: NETWORK_FORBIDDEN
    at https://sf16-website-login.neutral.ttwstatic.com/obj/tiktok_web_login_static/tiktok/webapp/main/react-v18/webapp-desktop/static/js/async/58204.c99dc8a6.js:11:38475 @ https://sf16-website-login.neutral.ttwstatic.com/obj/tiktok_web_login_static/tiktok/webapp/main/react-v18/webapp-desktop/static/js/async/79936.7ef6faba.js:0
[   19175ms] [WARNING] [04:26:47.142][warn][multiplex][1] event.exception {code: 2103, message: NETWORK_FORBIDDEN} @ https://sf16-website-login.neutral.ttwstatic.com/obj/tiktok_web_login_static/tiktok/webapp/main/react-v18/webapp-desktop/static/js/async/79936.7ef6faba.js:0
[   19236ms] [ERROR] Failed to load resource: the server responded with a status of 403 () @ https://v19-webapp-prime.tiktok.com/video/tos/alisg/tos-alisg-pve-0037c001/oA4EAPYoi2SAiSYLiIAQaBzEXuBEYjLBitiv9/?a=1988&bti=ODszNWYuMDE6&&bt=753&eid=16384&ft=-Csk_maLPD12NlvTtn-UxtvVhY9e3wv25ocAp&mime_type=video_mp4&rc=N2Q0aGQ7ODM2Ojo6M2RnPEBpMzU7ZXI5cjZvMzMzODczNEAyY2FhLmAwNmExXi80LjM0YSNlNmg2MmQ0ZTRhLS1kMWBzcw%3D%3D&expire=1788208124&l=202608300426455517DF5CACC5F1BC6E34&ply_type=2&policy=2&signature=3463020fb392b24627f1396803606501&tk=tt_chain_token&btag=e00048000:0
[   19237ms] [WARNING] [04:26:47.204][warn][demux.fetch][1](loaderId=2) PlayerError: NETWORK_FORBIDDEN
    at https://sf16-website-login.neutral.ttwstatic.com/obj/tiktok_web_login_static/tiktok/webapp/main/react-v18/webapp-desktop/static/js/async/58204.c99dc8a6.js:11:38475 @ https://sf16-website-login.neutral.ttwstatic.com/obj/tiktok_web_login_static/tiktok/webapp/main/react-v18/webapp-desktop/static/js/async/79936.7ef6faba.js:0
[   19237ms] [WARNING] [04:26:47.204][warn][multiplex][1] event.exception {code: 2103, message: NETWORK_FORBIDDEN} @ https://sf16-website-login.neutral.ttwstatic.com/obj/tiktok_web_login_static/tiktok/webapp/main/react-v18/webapp-desktop/static/js/async/79936.7ef6faba.js:0
[   19421ms] [ERROR] Failed to load resource: the server responded with a status of 403 () @ https://v16-webapp-prime.tiktok.com/video/tos/alisg/tos-alisg-pve-0037c001/oA4EAPYoi2SAiSYLiIAQaBzEXuBEYjLBitiv9/?a=1988&bti=bGRuZHxvMXIxcm53Zm1cYF9ebWFzaHFmOg%3D%3D&&bt=753&eid=16384&ft=HAY7nvT4QtHUxynKptC6E4DjYl8cVTN1GbuN.c4q8Z4ka&mime_type=video_mp4&rc=N2Q0aGQ7ODM2Ojo6M2RnPEBpMzU7ZXI5cjZvMzMzODczNEAyY2FhLmAwNmExXi80LjM0YSNlNmg2MmQ0ZTRhLS1kMWBzcw%3D%3D&expire=1788056926&l=20260830042647A23972F5584E54BD69F0&ply_type=2&policy=2&signature=b4b89e19c80da29e13de64986776fa6f&tk=tt_chain_token&btag=e00050000:0
[   19421ms] [ERROR] [04:26:47.389][error][demux.fetch][1](loaderId=2) PlayerError: NETWORK_FORBIDDEN
    at https://sf16-website-login.neutral.ttwstatic.com/obj/tiktok_web_login_static/tiktok/webapp/main/react-v18/webapp-desktop/static/js/async/58204.c99dc8a6.js:11:38475 @ https://sf16-website-login.neutral.ttwstatic.com/obj/tiktok_web_login_static/tiktok/webapp/main/react-v18/webapp-desktop/static/js/webapp-desktop.4fb19bf6.js:0
[   19422ms] [WARNING] [04:26:47.389][warn][multiplex][1] multiplex downgrade: 2103 NETWORK_FORBIDDEN @ https://sf16-website-login.neutral.ttwstatic.com/obj/tiktok_web_login_static/tiktok/webapp/main/react-v18/webapp-desktop/static/js/async/79936.7ef6faba.js:0
[   19423ms] [WARNING] [04:26:47.390][warn][controller][1] AbortError: The play() request was interrupted by a new load request. https://goo.gl/LdLk22 @ https://sf16-website-login.neutral.ttwstatic.com/obj/tiktok_web_login_static/tiktok/webapp/main/react-v18/webapp-desktop/static/js/async/79936.7ef6faba.js:0
[   19682ms] [WARNING] The 'deprecatedStyle' prop is deprecated. Please use the associated style props instead (e.g. "marginInline", "flex") @ https://sf16-website-login.neutral.ttwstatic.com/obj/tiktok_web_login_static/tiktok/webapp/main/react-v18/webapp-desktop/static/js/async/16119.4be2579f.js:0
[   19716ms] [WARNING] [04:26:47.684][warn][multiplex][1] AbortError: The play() request was interrupted by a call to pause(). https://goo.gl/LdLk22 @ https://sf16-website-login.neutral.ttwstatic.com/obj/tiktok_web_login_static/tiktok/webapp/main/react-v18/webapp-desktop/static/js/async/79936.7ef6faba.js:0
[   19752ms] [ERROR] Failed to load resource: the server responded with a status of 403 () @ https://v16-webapp-prime.tiktok.com/video/tos/alisg/tos-alisg-pve-0037c001/ocupCplI0I1RCQ9Ai0BwyeBziNPQAACCgE7Qqj/?a=1988&bti=ODszNWYuMDE6&&bt=776&eid=16640&ft=-Csk_maLPD12NlvTtn-UxtvVhY9e3wv25ocAp&mime_type=video_mp4&rc=Mzk3aGgzaGVkZDs8NDk8ZUBpam45eW05cmc2MzMzODczNEAvYi42YzVhNTUxYi5gYDIvYSNoZ15uMmQ0cDVhLS1kMWBzcw%3D%3D&expire=1788208033&l=202608300426455517DF5CACC5F1BC6E34&ply_type=2&policy=2&signature=3da79028cc01580dfbcc612390f5fd3d&tk=tt_chain_token&btag=e000b8000:0
[   19752ms] [WARNING] [04:26:47.720][warn][demux.fetch][1](loaderId=2) PlayerError: NETWORK_FORBIDDEN
    at https://sf16-website-login.neutral.ttwstatic.com/obj/tiktok_web_login_static/tiktok/webapp/main/react-v18/webapp-desktop/static/js/async/58204.c99dc8a6.js:11:38475 @ https://sf16-website-login.neutral.ttwstatic.com/obj/tiktok_web_login_static/tiktok/webapp/main/react-v18/webapp-desktop/static/js/async/79936.7ef6faba.js:0
[   19752ms] [WARNING] [04:26:47.720][warn][multiplex][1] event.exception {code: 2103, message: NETWORK_FORBIDDEN} @ https://sf16-website-login.neutral.ttwstatic.com/obj/tiktok_web_login_static/tiktok/webapp/main/react-v18/webapp-desktop/static/js/async/79936.7ef6faba.js:0
[   19803ms] [ERROR] Failed to load resource: the server responded with a status of 403 () @ https://v19-webapp-prime.tiktok.com/video/tos/alisg/tos-alisg-pve-0037c001/ocupCplI0I1RCQ9Ai0BwyeBziNPQAACCgE7Qqj/?a=1988&bti=ODszNWYuMDE6&&bt=776&eid=16640&ft=-Csk_maLPD12NlvTtn-UxtvVhY9e3wv25ocAp&mime_type=video_mp4&rc=Mzk3aGgzaGVkZDs8NDk8ZUBpam45eW05cmc2MzMzODczNEAvYi42YzVhNTUxYi5gYDIvYSNoZ15uMmQ0cDVhLS1kMWBzcw%3D%3D&expire=1788208033&l=202608300426455517DF5CACC5F1BC6E34&ply_type=2&policy=2&signature=3da79028cc01580dfbcc612390f5fd3d&tk=tt_chain_token&btag=e000b8000:0
[   19803ms] [WARNING] [04:26:47.771][warn][demux.fetch][1](loaderId=2) PlayerError: NETWORK_FORBIDDEN
    at https://sf16-website-login.neutral.ttwstatic.com/obj/tiktok_web_login_static/tiktok/webapp/main/react-v18/webapp-desktop/static/js/async/58204.c99dc8a6.js:11:38475 @ https://sf16-website-login.neutral.ttwstatic.com/obj/tiktok_web_login_static/tiktok/webapp/main/react-v18/webapp-desktop/static/js/async/79936.7ef6faba.js:0
[   19803ms] [WARNING] [04:26:47.771][warn][multiplex][1] event.exception {code: 2103, message: NETWORK_FORBIDDEN} @ https://sf16-website-login.neutral.ttwstatic.com/obj/tiktok_web_login_static/tiktok/webapp/main/react-v18/webapp-desktop/static/js/async/79936.7ef6faba.js:0
[   19963ms] [ERROR] Failed to load resource: the server responded with a status of 403 () @ https://v16-webapp-prime.tiktok.com/video/tos/alisg/tos-alisg-pve-0037c001/ocupCplI0I1RCQ9Ai0BwyeBziNPQAACCgE7Qqj/?a=1988&bti=bGRuZHxvMXIxcm53Zm1cYF9ebWFzaHFmOg%3D%3D&&bt=776&eid=16640&ft=HAY7nvT4QtHUxynKptC6E4DjYl8cVTN1GbuN.c4q8Z4ka&mime_type=video_mp4&rc=Mzk3aGgzaGVkZDs8NDk8ZUBpam45eW05cmc2MzMzODczNEAvYi42YzVhNTUxYi5gYDIvYSNoZ15uMmQ0cDVhLS1kMWBzcw%3D%3D&expire=1788056835&l=2026083004264745D58EAC0FFB9EB6FA1C&ply_type=2&policy=2&signature=5979f00909e9806e71eb0b4d6fd9869f&tk=tt_chain_token&btag=e00078000:0
[   19963ms] [ERROR] [04:26:47.931][error][demux.fetch][1](loaderId=2) PlayerError: NETWORK_FORBIDDEN
    at https://sf16-website-login.neutral.ttwstatic.com/obj/tiktok_web_login_static/tiktok/webapp/main/react-v18/webapp-desktop/static/js/async/58204.c99dc8a6.js:11:38475 @ https://sf16-website-login.neutral.ttwstatic.com/obj/tiktok_web_login_static/tiktok/webapp/main/react-v18/webapp-desktop/static/js/webapp-desktop.4fb19bf6.js:0
[   19964ms] [WARNING] [04:26:47.931][warn][multiplex][1] multiplex downgrade: 2103 NETWORK_FORBIDDEN @ https://sf16-website-login.neutral.ttwstatic.com/obj/tiktok_web_login_static/tiktok/webapp/main/react-v18/webapp-desktop/static/js/async/79936.7ef6faba.js:0
[   19964ms] [WARNING] [04:26:47.932][warn][controller][1] AbortError: The play() request was interrupted by a new load request. https://goo.gl/LdLk22 @ https://sf16-website-login.neutral.ttwstatic.com/obj/tiktok_web_login_static/tiktok/webapp/main/react-v18/webapp-desktop/static/js/async/79936.7ef6faba.js:0
[   20350ms] [WARNING] The 'deprecatedStyle' prop is deprecated. Please use the associated style props instead (e.g. "marginInline", "flex") @ https://sf16-website-login.neutral.ttwstatic.com/obj/tiktok_web_login_static/tiktok/webapp/main/react-v18/webapp-desktop/static/js/async/16119.4be2579f.js:0
[   20457ms] [ERROR] Failed to load resource: the server responded with a status of 403 () @ https://v16-webapp-prime.tiktok.com/video/tos/alisg/tos-alisg-pve-0037c001/oYejIIOyeeZcZGUqSvC9EjEwAQL8DUAY1IGooI/?a=1988&bti=ODszNWYuMDE6&&bt=921&ft=-Csk_maLPD12NlvTtn-UxtvVhY9e3wv25ocAp&mime_type=video_mp4&rc=aGlpNmYzZGY2aWUzaGg6OEBpMzw7bHk5cm1mPDMzODczNEAwL18zLl42XjUxMzI0MS8vYSNjNWRgMmQ0MGlhLS1kMTFzcw%3D%3D&expire=1788208064&l=202608300426455517DF5CACC5F1BC6E34&ply_type=2&policy=2&signature=7049bd9521697750f7af497b017024e2&tk=tt_chain_token&btag=e00048000:0
[   20457ms] [WARNING] [04:26:48.425][warn][demux.fetch][1](loaderId=2) PlayerError: NETWORK_FORBIDDEN
    at https://sf16-website-login.neutral.ttwstatic.com/obj/tiktok_web_login_static/tiktok/webapp/main/react-v18/webapp-desktop/static/js/async/58204.c99dc8a6.js:11:38475 @ https://sf16-website-login.neutral.ttwstatic.com/obj/tiktok_web_login_static/tiktok/webapp/main/react-v18/webapp-desktop/static/js/async/79936.7ef6faba.js:0
[   20457ms] [WARNING] [04:26:48.425][warn][multiplex][1] event.exception {code: 2103, message: NETWORK_FORBIDDEN} @ https://sf16-website-login.neutral.ttwstatic.com/obj/tiktok_web_login_static/tiktok/webapp/main/react-v18/webapp-desktop/static/js/async/79936.7ef6faba.js:0
[   20519ms] [ERROR] Failed to load resource: the server responded with a status of 403 () @ https://v19-webapp-prime.tiktok.com/video/tos/alisg/tos-alisg-pve-0037c001/oYejIIOyeeZcZGUqSvC9EjEwAQL8DUAY1IGooI/?a=1988&bti=ODszNWYuMDE6&&bt=921&ft=-Csk_maLPD12NlvTtn-UxtvVhY9e3wv25ocAp&mime_type=video_mp4&rc=aGlpNmYzZGY2aWUzaGg6OEBpMzw7bHk5cm1mPDMzODczNEAwL18zLl42XjUxMzI0MS8vYSNjNWRgMmQ0MGlhLS1kMTFzcw%3D%3D&expire=1788208064&l=202608300426455517DF5CACC5F1BC6E34&ply_type=2&policy=2&signature=7049bd9521697750f7af497b017024e2&tk=tt_chain_token&btag=e00048000:0
[   20519ms] [WARNING] [04:26:48.487][warn][demux.fetch][1](loaderId=2) PlayerError: NETWORK_FORBIDDEN
    at https://sf16-website-login.neutral.ttwstatic.com/obj/tiktok_web_login_static/tiktok/webapp/main/react-v18/webapp-desktop/static/js/async/58204.c99dc8a6.js:11:38475 @ https://sf16-website-login.neutral.ttwstatic.com/obj/tiktok_web_login_static/tiktok/webapp/main/react-v18/webapp-desktop/static/js/async/79936.7ef6faba.js:0
[   20520ms] [WARNING] [04:26:48.487][warn][multiplex][1] event.exception {code: 2103, message: NETWORK_FORBIDDEN} @ https://sf16-website-login.neutral.ttwstatic.com/obj/tiktok_web_login_static/tiktok/webapp/main/react-v18/webapp-desktop/static/js/async/79936.7ef6faba.js:0
[   20683ms] [ERROR] Failed to load resource: the server responded with a status of 403 () @ https://v16-webapp-prime.tiktok.com/video/tos/alisg/tos-alisg-pve-0037c001/oYejIIOyeeZcZGUqSvC9EjEwAQL8DUAY1IGooI/?a=1988&bti=bGRuZHxvMXIxcm53Zm1cYF9ebWFzaHFmOg%3D%3D&&bt=921&ft=HAY7nvT4QtHUxynKptC6E4DjYlWcVTN1GbuN.c4q8Z4ka&mime_type=video_mp4&rc=aGlpNmYzZGY2aWUzaGg6OEBpMzw7bHk5cm1mPDMzODczNEAwL18zLl42XjUxMzI0MS8vYSNjNWRgMmQ0MGlhLS1kMTFzcw%3D%3D&expire=1788056867&l=2026083004264845D58EAC0FFB9EB6FA5F&ply_type=2&policy=2&signature=767e3125ed2abf7c1d31d325e4ac46a0&tk=tt_chain_token&btag=e00088000:0
[   20683ms] [ERROR] [04:26:48.651][error][demux.fetch][1](loaderId=2) PlayerError: NETWORK_FORBIDDEN
    at https://sf16-website-login.neutral.ttwstatic.com/obj/tiktok_web_login_static/tiktok/webapp/main/react-v18/webapp-desktop/static/js/async/58204.c99dc8a6.js:11:38475 @ https://sf16-website-login.neutral.ttwstatic.com/obj/tiktok_web_login_static/tiktok/webapp/main/react-v18/webapp-desktop/static/js/webapp-desktop.4fb19bf6.js:0
[   20684ms] [WARNING] [04:26:48.651][warn][multiplex][1] multiplex downgrade: 2103 NETWORK_FORBIDDEN @ https://sf16-website-login.neutral.ttwstatic.com/obj/tiktok_web_login_static/tiktok/webapp/main/react-v18/webapp-desktop/static/js/async/79936.7ef6faba.js:0
[   20684ms] [WARNING] [04:26:48.652][warn][controller][1] AbortError: The play() request was interrupted by a new load request. https://goo.gl/LdLk22 @ https://sf16-website-login.neutral.ttwstatic.com/obj/tiktok_web_login_static/tiktok/webapp/main/react-v18/webapp-desktop/static/js/async/79936.7ef6faba.js:0
[   20684ms] [WARNING] [04:26:48.652][warn][controller][1] AbortError: The play() request was interrupted by a new load request. https://goo.gl/LdLk22 @ https://sf16-website-login.neutral.ttwstatic.com/obj/tiktok_web_login_static/tiktok/webapp/main/react-v18/webapp-desktop/static/js/async/79936.7ef6faba.js:0
[   26646ms] [WARNING] The 'deprecatedStyle' prop is deprecated. Please use the associated style props instead (e.g. "marginInline", "flex") @ https://sf16-website-login.neutral.ttwstatic.com/obj/tiktok_web_login_static/tiktok/webapp/main/react-v18/webapp-desktop/static/js/async/16119.4be2579f.js:0
[   26711ms] [ERROR] Failed to load resource: the server responded with a status of 403 () @ https://v16-webapp-prime.tiktok.com/video/tos/alisg/tos-alisg-pve-0037c001/ocupCplI0I1RCQ9Ai0BwyeBziNPQAACCgE7Qqj/?a=1988&bti=ODszNWYuMDE6&&bt=776&eid=16640&ft=-Csk_maLPD12NlvTtn-UxtvVhY9e3wv25ocAp&mime_type=video_mp4&rc=Mzk3aGgzaGVkZDs8NDk8ZUBpam45eW05cmc2MzMzODczNEAvYi42YzVhNTUxYi5gYDIvYSNoZ15uMmQ0cDVhLS1kMWBzcw%3D%3D&expire=1788208033&l=202608300426455517DF5CACC5F1BC6E34&ply_type=2&policy=2&signature=3da79028cc01580dfbcc612390f5fd3d&tk=tt_chain_token&btag=e000b8000:0
[   26712ms] [WARNING] [04:26:54.679][warn][demux.fetch][1](loaderId=2) PlayerError: NETWORK_FORBIDDEN
    at https://sf16-website-login.neutral.ttwstatic.com/obj/tiktok_web_login_static/tiktok/webapp/main/react-v18/webapp-desktop/static/js/async/58204.c99dc8a6.js:11:38475 @ https://sf16-website-login.neutral.ttwstatic.com/obj/tiktok_web_login_static/tiktok/webapp/main/react-v18/webapp-desktop/static/js/async/79936.7ef6faba.js:0
[   26712ms] [WARNING] [04:26:54.679][warn][multiplex][1] event.exception {code: 2103, message: NETWORK_FORBIDDEN} @ https://sf16-website-login.neutral.ttwstatic.com/obj/tiktok_web_login_static/tiktok/webapp/main/react-v18/webapp-desktop/static/js/async/79936.7ef6faba.js:0
[   26766ms] [ERROR] Failed to load resource: the server responded with a status of 403 () @ https://v19-webapp-prime.tiktok.com/video/tos/alisg/tos-alisg-pve-0037c001/ocupCplI0I1RCQ9Ai0BwyeBziNPQAACCgE7Qqj/?a=1988&bti=ODszNWYuMDE6&&bt=776&eid=16640&ft=-Csk_maLPD12NlvTtn-UxtvVhY9e3wv25ocAp&mime_type=video_mp4&rc=Mzk3aGgzaGVkZDs8NDk8ZUBpam45eW05cmc2MzMzODczNEAvYi42YzVhNTUxYi5gYDIvYSNoZ15uMmQ0cDVhLS1kMWBzcw%3D%3D&expire=1788208033&l=202608300426455517DF5CACC5F1BC6E34&ply_type=2&policy=2&signature=3da79028cc01580dfbcc612390f5fd3d&tk=tt_chain_token&btag=e000b8000:0
[   26766ms] [WARNING] [04:26:54.734][warn][demux.fetch][1](loaderId=2) PlayerError: NETWORK_FORBIDDEN
    at https://sf16-website-login.neutral.ttwstatic.com/obj/tiktok_web_login_static/tiktok/webapp/main/react-v18/webapp-desktop/static/js/async/58204.c99dc8a6.js:11:38475 @ https://sf16-website-login.neutral.ttwstatic.com/obj/tiktok_web_login_static/tiktok/webapp/main/react-v18/webapp-desktop/static/js/async/79936.7ef6faba.js:0
[   26766ms] [WARNING] [04:26:54.734][warn][multiplex][1] event.exception {code: 2103, message: NETWORK_FORBIDDEN} @ https://sf16-website-login.neutral.ttwstatic.com/obj/tiktok_web_login_static/tiktok/webapp/main/react-v18/webapp-desktop/static/js/async/79936.7ef6faba.js:0
[   26929ms] [ERROR] Failed to load resource: the server responded with a status of 403 () @ https://v16-webapp-prime.tiktok.com/video/tos/alisg/tos-alisg-pve-0037c001/ocupCplI0I1RCQ9Ai0BwyeBziNPQAACCgE7Qqj/?a=1988&bti=bGRuZHxvMXIxcm53Zm1cYF9ebWFzaHFmOg%3D%3D&&bt=776&eid=16640&ft=HAY7nvT4QtHUxynKptC6E4DjYlAcVTN1GbuN.c4q8Z4ka&mime_type=video_mp4&rc=Mzk3aGgzaGVkZDs8NDk8ZUBpam45eW05cmc2MzMzODczNEAvYi42YzVhNTUxYi5gYDIvYSNoZ15uMmQ0cDVhLS1kMWBzcw%3D%3D&expire=1788056842&l=2026083004265468825A1B8704A8BAA5BD&ply_type=2&policy=2&signature=a677ab005fb748d6cdcc194c254fdb10&tk=tt_chain_token&btag=e00078000:0
[   26929ms] [ERROR] [04:26:54.897][error][demux.fetch][1](loaderId=2) PlayerError: NETWORK_FORBIDDEN
    at https://sf16-website-login.neutral.ttwstatic.com/obj/tiktok_web_login_static/tiktok/webapp/main/react-v18/webapp-desktop/static/js/async/58204.c99dc8a6.js:11:38475 @ https://sf16-website-login.neutral.ttwstatic.com/obj/tiktok_web_login_static/tiktok/webapp/main/react-v18/webapp-desktop/static/js/webapp-desktop.4fb19bf6.js:0
[   26930ms] [WARNING] [04:26:54.897][warn][multiplex][1] multiplex downgrade: 2103 NETWORK_FORBIDDEN @ https://sf16-website-login.neutral.ttwstatic.com/obj/tiktok_web_login_static/tiktok/webapp/main/react-v18/webapp-desktop/static/js/async/79936.7ef6faba.js:0
[   26930ms] [WARNING] [04:26:54.898][warn][controller][1] AbortError: The play() request was interrupted by a new load request. https://goo.gl/LdLk22 @ https://sf16-website-login.neutral.ttwstatic.com/obj/tiktok_web_login_static/tiktok/webapp/main/react-v18/webapp-desktop/static/js/async/79936.7ef6faba.js:0
[   26930ms] [WARNING] [04:26:54.898][warn][controller][1] AbortError: The play() request was interrupted by a new load request. https://goo.gl/LdLk22 @ https://sf16-website-login.neutral.ttwstatic.com/obj/tiktok_web_login_static/tiktok/webapp/main/react-v18/webapp-desktop/static/js/async/79936.7ef6faba.js:0
[   27789ms] [WARNING] The 'deprecatedStyle' prop is deprecated. Please use the associated style props instead (e.g. "marginInline", "flex") @ https://sf16-website-login.neutral.ttwstatic.com/obj/tiktok_web_login_static/tiktok/webapp/main/react-v18/webapp-desktop/static/js/async/16119.4be2579f.js:0
[   27932ms] [ERROR] Failed to load resource: the server responded with a status of 403 () @ https://v16-webapp-prime.tiktok.com/video/tos/alisg/tos-alisg-pve-0037c001/ocupCplI0I1RCQ9Ai0BwyeBziNPQAACCgE7Qqj/?a=1988&bti=ODszNWYuMDE6&&bt=776&eid=16640&ft=-Csk_maLPD12NlvTtn-UxtvVhY9e3wv25ocAp&mime_type=video_mp4&rc=Mzk3aGgzaGVkZDs8NDk8ZUBpam45eW05cmc2MzMzODczNEAvYi42YzVhNTUxYi5gYDIvYSNoZ15uMmQ0cDVhLS1kMWBzcw%3D%3D&expire=1788208033&l=202608300426455517DF5CACC5F1BC6E34&ply_type=2&policy=2&signature=3da79028cc01580dfbcc612390f5fd3d&tk=tt_chain_token&btag=e000b8000:0
[   28058ms] [ERROR] Failed to load resource: the server responded with a status of 403 () @ https://v16-webapp-prime.tiktok.com/video/tos/alisg/tos-alisg-pve-0037c001/oA4EAPYoi2SAiSYLiIAQaBzEXuBEYjLBitiv9/?a=1988&bti=ODszNWYuMDE6&&bt=753&eid=16384&ft=-Csk_maLPD12NlvTtn-UxtvVhY9e3wv25ocAp&mime_type=video_mp4&rc=N2Q0aGQ7ODM2Ojo6M2RnPEBpMzU7ZXI5cjZvMzMzODczNEAyY2FhLmAwNmExXi80LjM0YSNlNmg2MmQ0ZTRhLS1kMWBzcw%3D%3D&expire=1788208124&l=202608300426455517DF5CACC5F1BC6E34&ply_type=2&policy=2&signature=3463020fb392b24627f1396803606501&tk=tt_chain_token&btag=e00048000:0
[   28059ms] [WARNING] [04:26:56.026][warn][demux.fetch][2](loaderId=7) PlayerError: NETWORK_FORBIDDEN
    at https://sf16-website-login.neutral.ttwstatic.com/obj/tiktok_web_login_static/tiktok/webapp/main/react-v18/webapp-desktop/static/js/async/58204.c99dc8a6.js:11:38475 @ https://sf16-website-login.neutral.ttwstatic.com/obj/tiktok_web_login_static/tiktok/webapp/main/react-v18/webapp-desktop/static/js/async/79936.7ef6faba.js:0
[   28059ms] [WARNING] [04:26:56.026][warn][multiplex][2] event.exception {code: 2103, message: NETWORK_FORBIDDEN} @ https://sf16-website-login.neutral.ttwstatic.com/obj/tiktok_web_login_static/tiktok/webapp/main/react-v18/webapp-desktop/static/js/async/79936.7ef6faba.js:0
[   28071ms] [ERROR] Failed to load resource: the server responded with a status of 403 () @ https://v16-webapp-prime.tiktok.com/video/tos/alisg/tos-alisg-pve-0037c001/oIASeqwRqFmbfAGP04iARtgGJYYZfPAMx4xjeQ/?a=1988&bti=ODszNWYuMDE6&&bt=1261&ft=-Csk_maLPD12NlvTtn-UxtvVhY9e3wv25ocAp&mime_type=video_mp4&rc=ODZlPDNpZDhpNDdpNzpmNkBpMzZ4a3E5cjlzZDMzODczNEAxNV8wYzBjNTAxM18uNC0vYSNzMzQ2MmQ0ZTRhLS1kMTFzcw%3D%3D&expire=1788208027&l=202608300426455517DF5CACC5F1BC6E34&ply_type=2&policy=2&signature=1e82eddaa56b818de6bccce3d5554761&tk=tt_chain_token&btag=e000b8000:0
[   28072ms] [WARNING] [04:26:56.039][warn][demux.fetch][3](loaderId=32) PlayerError: NETWORK_FORBIDDEN
    at https://sf16-website-login.neutral.ttwstatic.com/obj/tiktok_web_login_static/tiktok/webapp/main/react-v18/webapp-desktop/static/js/async/58204.c99dc8a6.js:11:38475 @ https://sf16-website-login.neutral.ttwstatic.com/obj/tiktok_web_login_static/tiktok/webapp/main/react-v18/webapp-desktop/static/js/async/79936.7ef6faba.js:0
[   28072ms] [WARNING] [04:26:56.039][warn][multiplex][3] event.exception {code: 2103, message: NETWORK_FORBIDDEN} @ https://sf16-website-login.neutral.ttwstatic.com/obj/tiktok_web_login_static/tiktok/webapp/main/react-v18/webapp-desktop/static/js/async/79936.7ef6faba.js:0
[   28077ms] [ERROR] [GSI_LOGGER]: FedCM get() rejects with NetworkError: Error retrieving a token. @ https://sf16-website-login.neutral.ttwstatic.com/obj/tiktok_web_login_static/tiktok/webapp/main/react-v18/webapp-desktop/static/js/webapp-desktop.4fb19bf6.js:0
[   28088ms] [ERROR] Failed to load resource: the server responded with a status of 403 () @ https://v19-webapp-prime.tiktok.com/video/tos/alisg/tos-alisg-pve-0037c001/oA4EAPYoi2SAiSYLiIAQaBzEXuBEYjLBitiv9/?a=1988&bti=ODszNWYuMDE6&&bt=753&eid=16384&ft=-Csk_maLPD12NlvTtn-UxtvVhY9e3wv25ocAp&mime_type=video_mp4&rc=N2Q0aGQ7ODM2Ojo6M2RnPEBpMzU7ZXI5cjZvMzMzODczNEAyY2FhLmAwNmExXi80LjM0YSNlNmg2MmQ0ZTRhLS1kMWBzcw%3D%3D&expire=1788208124&l=202608300426455517DF5CACC5F1BC6E34&ply_type=2&policy=2&signature=3463020fb392b24627f1396803606501&tk=tt_chain_token&btag=e00048000:0
[   28088ms] [WARNING] [04:26:56.056][warn][demux.fetch][2](loaderId=7) PlayerError: NETWORK_FORBIDDEN
    at https://sf16-website-login.neutral.ttwstatic.com/obj/tiktok_web_login_static/tiktok/webapp/main/react-v18/webapp-desktop/static/js/async/58204.c99dc8a6.js:11:38475 @ https://sf16-website-login.neutral.ttwstatic.com/obj/tiktok_web_login_static/tiktok/webapp/main/react-v18/webapp-desktop/static/js/async/79936.7ef6faba.js:0
[   28088ms] [WARNING] [04:26:56.056][warn][multiplex][2] event.exception {code: 2103, message: NETWORK_FORBIDDEN} @ https://sf16-website-login.neutral.ttwstatic.com/obj/tiktok_web_login_static/tiktok/webapp/main/react-v18/webapp-desktop/static/js/async/79936.7ef6faba.js:0
[   28128ms] [ERROR] Failed to load resource: the server responded with a status of 403 () @ https://v19-webapp-prime.tiktok.com/video/tos/alisg/tos-alisg-pve-0037c001/oIASeqwRqFmbfAGP04iARtgGJYYZfPAMx4xjeQ/?a=1988&bti=ODszNWYuMDE6&&bt=1261&ft=-Csk_maLPD12NlvTtn-UxtvVhY9e3wv25ocAp&mime_type=video_mp4&rc=ODZlPDNpZDhpNDdpNzpmNkBpMzZ4a3E5cjlzZDMzODczNEAxNV8wYzBjNTAxM18uNC0vYSNzMzQ2MmQ0ZTRhLS1kMTFzcw%3D%3D&expire=1788208027&l=202608300426455517DF5CACC5F1BC6E34&ply_type=2&policy=2&signature=1e82eddaa56b818de6bccce3d5554761&tk=tt_chain_token&btag=e000b8000:0
[   28128ms] [WARNING] [04:26:56.096][warn][demux.fetch][3](loaderId=32) PlayerError: NETWORK_FORBIDDEN
    at https://sf16-website-login.neutral.ttwstatic.com/obj/tiktok_web_login_static/tiktok/webapp/main/react-v18/webapp-desktop/static/js/async/58204.c99dc8a6.js:11:38475 @ https://sf16-website-login.neutral.ttwstatic.com/obj/tiktok_web_login_static/tiktok/webapp/main/react-v18/webapp-desktop/static/js/async/79936.7ef6faba.js:0
[   28128ms] [WARNING] [04:26:56.096][warn][multiplex][3] event.exception {code: 2103, message: NETWORK_FORBIDDEN} @ https://sf16-website-login.neutral.ttwstatic.com/obj/tiktok_web_login_static/tiktok/webapp/main/react-v18/webapp-desktop/static/js/async/79936.7ef6faba.js:0
[   28167ms] [WARNING] [i18n] missing key [en] Webapp comments_off comments_off @ https://sf16-website-login.neutral.ttwstatic.com/obj/tiktok_web_login_static/tiktok/webapp/main/react-v18/webapp-desktop/static/js/biz.common.lib.700647f5.js:0
[   28240ms] [ERROR] Failed to load resource: the server responded with a status of 403 () @ https://v16-webapp-prime.tiktok.com/video/tos/alisg/tos-alisg-pve-0037c001/oA4EAPYoi2SAiSYLiIAQaBzEXuBEYjLBitiv9/?a=1988&bti=bGRuZHxvMXIxcm53Zm1cYF9ebWFzaHFmOg%3D%3D&&bt=753&eid=16384&ft=HAY7nvT4QtHUxynKptC6E4DjYlfcVTN1GbuN.c4q8Z4ka&mime_type=video_mp4&rc=N2Q0aGQ7ODM2Ojo6M2RnPEBpMzU7ZXI5cjZvMzMzODczNEAyY2FhLmAwNmExXi80LjM0YSNlNmg2MmQ0ZTRhLS1kMWBzcw%3D%3D&expire=1788056935&l=202608300426565517DF5CACC5F1BC7296&ply_type=2&policy=2&signature=58a9fbc188abda3cc824714791e84c8d&tk=tt_chain_token&btag=e00050000:0
[   28240ms] [ERROR] [04:26:56.207][error][demux.fetch][2](loaderId=7) PlayerError: NETWORK_FORBIDDEN
    at https://sf16-website-login.neutral.ttwstatic.com/obj/tiktok_web_login_static/tiktok/webapp/main/react-v18/webapp-desktop/static/js/async/58204.c99dc8a6.js:11:38475 @ https://sf16-website-login.neutral.ttwstatic.com/obj/tiktok_web_login_static/tiktok/webapp/main/react-v18/webapp-desktop/static/js/webapp-desktop.4fb19bf6.js:0
[   28240ms] [WARNING] [04:26:56.208][warn][multiplex][2] multiplex downgrade: 2103 NETWORK_FORBIDDEN @ https://sf16-website-login.neutral.ttwstatic.com/obj/tiktok_web_login_static/tiktok/webapp/main/react-v18/webapp-desktop/static/js/async/79936.7ef6faba.js:0
[   28325ms] [ERROR] Failed to load resource: the server responded with a status of 403 () @ https://v16-webapp-prime.tiktok.com/video/tos/alisg/tos-alisg-pve-0037c001/oIASeqwRqFmbfAGP04iARtgGJYYZfPAMx4xjeQ/?a=1988&bti=bGRuZHxvMXIxcm53Zm1cYF9ebWFzaHFmOg%3D%3D&&bt=1261&ft=HAY7nvT4QtHUxynKptC6E4DjYlfcVTN1GbuN.c4q8Z4ka&mime_type=video_mp4&rc=ODZlPDNpZDhpNDdpNzpmNkBpMzZ4a3E5cjlzZDMzODczNEAxNV8wYzBjNTAxM18uNC0vYSNzMzQ2MmQ0ZTRhLS1kMTFzcw%3D%3D&expire=1788056838&l=2026083004265645D58EAC0FFB9EB6FCFD&ply_type=2&policy=2&signature=6a38711dc9d08d3b9421e8cdde471734&tk=tt_chain_token&btag=e000b8000:0
[   28326ms] [ERROR] [04:26:56.293][error][demux.fetch][3](loaderId=32) PlayerError: NETWORK_FORBIDDEN
    at https://sf16-website-login.neutral.ttwstatic.com/obj/tiktok_web_login_static/tiktok/webapp/main/react-v18/webapp-desktop/static/js/async/58204.c99dc8a6.js:11:38475 @ https://sf16-website-login.neutral.ttwstatic.com/obj/tiktok_web_login_static/tiktok/webapp/main/react-v18/webapp-desktop/static/js/webapp-desktop.4fb19bf6.js:0
[   28326ms] [WARNING] [04:26:56.293][warn][multiplex][3] multiplex downgrade: 2103 NETWORK_FORBIDDEN @ https://sf16-website-login.neutral.ttwstatic.com/obj/tiktok_web_login_static/tiktok/webapp/main/react-v18/webapp-desktop/static/js/async/79936.7ef6faba.js:0
[   32980ms] [WARNING] [04:27:00.947][warn][preloader][1] event.error {code: 5106, message: empty src is invalid} @ https://sf16-website-login.neutral.ttwstatic.com/obj/tiktok_web_login_static/tiktok/webapp/main/react-v18/webapp-desktop/static/js/async/79936.7ef6faba.js:0
[   32980ms] [ERROR] [Preloader_TT] onPreloaderError PlayerError: empty src is invalid
    at tD._preloadWithDemux (https://sf16-website-login.neutral.ttwstatic.com/obj/tiktok_web_login_static/tiktok/webapp/main/react-v18/webapp-desktop/static/js/async/58204.c99dc8a6.js:12:125558)
    at tD._preloadNextWithConfig (https://sf16-website-login.neutral.ttwstatic.com/obj/tiktok_web_login_static/tiktok/webapp/main/react-v18/webapp-desktop/static/js/async/58204.c99dc8a6.js:12:128192)
    at https://sf16-website-login.neutral.ttwstatic.com/obj/tiktok_web_login_static/tiktok/webapp/main/react-v18/webapp-desktop/static/js/async/58204.c99dc8a6.js:12:128539 @ https://sf16-website-login.neutral.ttwstatic.com/obj/tiktok_web_login_static/tiktok/webapp/main/react-v18/webapp-desktop/static/js/webapp-desktop.4fb19bf6.js:0
[   33306ms] [ERROR] Failed to load resource: the server responded with a status of 403 () @ https://v16-webapp-prime.tiktok.com/video/tos/alisg/tos-alisg-pve-0037c001/oUeA2CEaLwDIjfAZQLw9FuzDfyog7UIIS9QNkh/?a=1988&bti=ODszNWYuMDE6&&bt=958&ft=-Csk_maLPD12NlvTtn-UxtvVhY9e3wv25ocAp&mime_type=video_mp4&rc=aDlmZzM7Zjs5OjtpNGhnPEBpamZ1dnM5cjZ0PDMzODczNEAwNl41XjAxXzUxLS5hYGM1YSNxcWcvMmRjNXBhLS1kMTFzcw%3D%3D&expire=1788208042&l=202608300426455517DF5CACC5F1BC6E34&ply_type=2&policy=2&signature=2a439a0516e1750b08bdfa0528f88b58&tk=tt_chain_token&btag=e00048000:0
[   33306ms] [WARNING] [04:27:01.274][warn][preload.demux.fetch][0](loaderId=37) PlayerError: NETWORK_FORBIDDEN
    at https://sf16-website-login.neutral.ttwstatic.com/obj/tiktok_web_login_static/tiktok/webapp/main/react-v18/webapp-desktop/static/js/async/58204.c99dc8a6.js:11:38475 @ https://sf16-website-login.neutral.ttwstatic.com/obj/tiktok_web_login_static/tiktok/webapp/main/react-v18/webapp-desktop/static/js/async/79936.7ef6faba.js:0
[   33338ms] [ERROR] Failed to load resource: the server responded with a status of 403 () @ https://v19-webapp-prime.tiktok.com/video/tos/alisg/tos-alisg-pve-0037c001/oUeA2CEaLwDIjfAZQLw9FuzDfyog7UIIS9QNkh/?a=1988&bti=ODszNWYuMDE6&&bt=958&ft=-Csk_maLPD12NlvTtn-UxtvVhY9e3wv25ocAp&mime_type=video_mp4&rc=aDlmZzM7Zjs5OjtpNGhnPEBpamZ1dnM5cjZ0PDMzODczNEAwNl41XjAxXzUxLS5hYGM1YSNxcWcvMmRjNXBhLS1kMTFzcw%3D%3D&expire=1788208042&l=202608300426455517DF5CACC5F1BC6E34&ply_type=2&policy=2&signature=2a439a0516e1750b08bdfa0528f88b58&tk=tt_chain_token&btag=e00048000:0
[   33338ms] [WARNING] [04:27:01.305][warn][preload.demux.fetch][0](loaderId=37) PlayerError: NETWORK_FORBIDDEN
    at https://sf16-website-login.neutral.ttwstatic.com/obj/tiktok_web_login_static/tiktok/webapp/main/react-v18/webapp-desktop/static/js/async/58204.c99dc8a6.js:11:38475 @ https://sf16-website-login.neutral.ttwstatic.com/obj/tiktok_web_login_static/tiktok/webapp/main/react-v18/webapp-desktop/static/js/async/79936.7ef6faba.js:0
[   33522ms] [ERROR] Failed to load resource: the server responded with a status of 403 () @ https://v16-webapp-prime.tiktok.com/video/tos/alisg/tos-alisg-pve-0037c001/oUeA2CEaLwDIjfAZQLw9FuzDfyog7UIIS9QNkh/?a=1988&bti=bGRuZHxvMXIxcm53Zm1cYF9ebWFzaHFmOg%3D%3D&&bt=958&ft=HAY7nvT4QtHUxynKptC6E4DjYlRcVTN1GbuN.c4q8Z4ka&mime_type=video_mp4&rc=aDlmZzM7Zjs5OjtpNGhnPEBpamZ1dnM5cjZ0PDMzODczNEAwNl41XjAxXzUxLS5hYGM1YSNxcWcvMmRjNXBhLS1kMTFzcw%3D%3D&expire=1788056858&l=20260830042701FD132D3E9261FAA8A934&ply_type=2&policy=2&signature=9da16943e2a5b3d5494bf863d0179333&tk=tt_chain_token&btag=e00088000:0
[   33523ms] [ERROR] [04:27:01.490][error][preload.demux.fetch][0](loaderId=37) PlayerError: NETWORK_FORBIDDEN
    at https://sf16-website-login.neutral.ttwstatic.com/obj/tiktok_web_login_static/tiktok/webapp/main/react-v18/webapp-desktop/static/js/async/58204.c99dc8a6.js:11:38475 @ https://sf16-website-login.neutral.ttwstatic.com/obj/tiktok_web_login_static/tiktok/webapp/main/react-v18/webapp-desktop/static/js/webapp-desktop.4fb19bf6.js:0
[   33523ms] [WARNING] [04:27:01.490][warn][preloader][1] event.error {code: 2103, message: NETWORK_FORBIDDEN} @ https://sf16-website-login.neutral.ttwstatic.com/obj/tiktok_web_login_static/tiktok/webapp/main/react-v18/webapp-desktop/static/js/async/79936.7ef6faba.js:0
[   33523ms] [ERROR] [Preloader_TT] onPreloaderError PlayerError: NETWORK_FORBIDDEN
    at x.$processErrorAndFallback (https://sf16-website-login.neutral.ttwstatic.com/obj/tiktok_web_login_static/tiktok/webapp/main/react-v18/webapp-desktop/static/js/async/58204.c99dc8a6.js:11:34882)
    at https://sf16-website-login.neutral.ttwstatic.com/obj/tiktok_web_login_static/tiktok/webapp/main/react-v18/webapp-desktop/static/js/async/58204.c99dc8a6.js:11:40960 @ https://sf16-website-login.neutral.ttwstatic.com/obj/tiktok_web_login_static/tiktok/webapp/main/react-v18/webapp-desktop/static/js/webapp-desktop.4fb19bf6.js:0
[   33557ms] [ERROR] Failed to load resource: the server responded with a status of 403 () @ https://v16-webapp-prime.tiktok.com/video/tos/alisg/tos-alisg-pve-0037c001/oYejIIOyeeZcZGUqSvC9EjEwAQL8DUAY1IGooI/?a=1988&bti=ODszNWYuMDE6&&bt=921&ft=-Csk_maLPD12NlvTtn-UxtvVhY9e3wv25ocAp&mime_type=video_mp4&rc=aGlpNmYzZGY2aWUzaGg6OEBpMzw7bHk5cm1mPDMzODczNEAwL18zLl42XjUxMzI0MS8vYSNjNWRgMmQ0MGlhLS1kMTFzcw%3D%3D&expire=1788208064&l=202608300426455517DF5CACC5F1BC6E34&ply_type=2&policy=2&signature=7049bd9521697750f7af497b017024e2&tk=tt_chain_token&btag=e00048000:0
[   33557ms] [WARNING] [04:27:01.524][warn][preload.demux.fetch][0](loaderId=42) PlayerError: NETWORK_FORBIDDEN
    at https://sf16-website-login.neutral.ttwstatic.com/obj/tiktok_web_login_static/tiktok/webapp/main/react-v18/webapp-desktop/static/js/async/58204.c99dc8a6.js:11:38475 @ https://sf16-website-login.neutral.ttwstatic.com/obj/tiktok_web_login_static/tiktok/webapp/main/react-v18/webapp-desktop/static/js/async/79936.7ef6faba.js:0
[   33616ms] [ERROR] Failed to load resource: the server responded with a status of 403 () @ https://v19-webapp-prime.tiktok.com/video/tos/alisg/tos-alisg-pve-0037c001/oYejIIOyeeZcZGUqSvC9EjEwAQL8DUAY1IGooI/?a=1988&bti=ODszNWYuMDE6&&bt=921&ft=-Csk_maLPD12NlvTtn-UxtvVhY9e3wv25ocAp&mime_type=video_mp4&rc=aGlpNmYzZGY2aWUzaGg6OEBpMzw7bHk5cm1mPDMzODczNEAwL18zLl42XjUxMzI0MS8vYSNjNWRgMmQ0MGlhLS1kMTFzcw%3D%3D&expire=1788208064&l=202608300426455517DF5CACC5F1BC6E34&ply_type=2&policy=2&signature=7049bd9521697750f7af497b017024e2&tk=tt_chain_token&btag=e00048000:0
[   33616ms] [WARNING] [04:27:01.583][warn][preload.demux.fetch][0](loaderId=42) PlayerError: NETWORK_FORBIDDEN
    at https://sf16-website-login.neutral.ttwstatic.com/obj/tiktok_web_login_static/tiktok/webapp/main/react-v18/webapp-desktop/static/js/async/58204.c99dc8a6.js:11:38475 @ https://sf16-website-login.neutral.ttwstatic.com/obj/tiktok_web_login_static/tiktok/webapp/main/react-v18/webapp-desktop/static/js/async/79936.7ef6faba.js:0
[   33795ms] [ERROR] Failed to load resource: the server responded with a status of 403 () @ https://v16-webapp-prime.tiktok.com/video/tos/alisg/tos-alisg-pve-0037c001/oYejIIOyeeZcZGUqSvC9EjEwAQL8DUAY1IGooI/?a=1988&bti=bGRuZHxvMXIxcm53Zm1cYF9ebWFzaHFmOg%3D%3D&&bt=921&ft=HAY7nvT4QtHUxynKptC6E4DjYlRcVTN1GbuN.c4q8Z4ka&mime_type=video_mp4&rc=aGlpNmYzZGY2aWUzaGg6OEBpMzw7bHk5cm1mPDMzODczNEAwL18zLl42XjUxMzI0MS8vYSNjNWRgMmQ0MGlhLS1kMTFzcw%3D%3D&expire=1788056880&l=20260830042701AE1C53BF1585F8AE30B1&ply_type=2&policy=2&signature=07c7f3bd6ebf86725b1e3f18ce2f610d&tk=tt_chain_token&btag=e00088000:0
[   33795ms] [ERROR] [04:27:01.763][error][preload.demux.fetch][0](loaderId=42) PlayerError: NETWORK_FORBIDDEN
    at https://sf16-website-login.neutral.ttwstatic.com/obj/tiktok_web_login_static/tiktok/webapp/main/react-v18/webapp-desktop/static/js/async/58204.c99dc8a6.js:11:38475 @ https://sf16-website-login.neutral.ttwstatic.com/obj/tiktok_web_login_static/tiktok/webapp/main/react-v18/webapp-desktop/static/js/webapp-desktop.4fb19bf6.js:0
[   33795ms] [WARNING] [04:27:01.763][warn][preloader][1] event.error {code: 2103, message: NETWORK_FORBIDDEN} @ https://sf16-website-login.neutral.ttwstatic.com/obj/tiktok_web_login_static/tiktok/webapp/main/react-v18/webapp-desktop/static/js/async/79936.7ef6faba.js:0
[   33796ms] [ERROR] [Preloader_TT] onPreloaderError PlayerError: NETWORK_FORBIDDEN
    at x.$processErrorAndFallback (https://sf16-website-login.neutral.ttwstatic.com/obj/tiktok_web_login_static/tiktok/webapp/main/react-v18/webapp-desktop/static/js/async/58204.c99dc8a6.js:11:34882)
    at https://sf16-website-login.neutral.ttwstatic.com/obj/tiktok_web_login_static/tiktok/webapp/main/react-v18/webapp-desktop/static/js/async/58204.c99dc8a6.js:11:40960 @ https://sf16-website-login.neutral.ttwstatic.com/obj/tiktok_web_login_static/tiktok/webapp/main/react-v18/webapp-desktop/static/js/webapp-desktop.4fb19bf6.js:0
[   33831ms] [ERROR] Failed to load resource: the server responded with a status of 403 () @ https://v16-webapp-prime.tiktok.com/video/tos/alisg/tos-alisg-pve-0037c001/owFJuLpqVAFUBerQE98ZpRkBUUVfEUKxEvvgID/?a=1988&bti=ODszNWYuMDE6&&bt=1294&ft=-Csk_maLPD12NlvTtn-UxtvVhY9e3wv25ocAp&mime_type=video_mp4&rc=OTQ5MzU4M2ZoNTY6MzRoPEBpanhueXg5cnRzPDMzODczNEBjL19hXjFeNi4xYTQuMjRjYSNraGRvMmRzMV5hLS1kMTFzcw%3D%3D&expire=1788208079&l=202608300426455517DF5CACC5F1BC6E34&ply_type=2&policy=2&signature=4d58e6e915d1a8024f7bed710f7aa7ec&tk=tt_chain_token&btag=e00048000:0
[   33832ms] [WARNING] [04:27:01.799][warn][preload.demux.fetch][0](loaderId=47) PlayerError: NETWORK_FORBIDDEN
    at https://sf16-website-login.neutral.ttwstatic.com/obj/tiktok_web_login_static/tiktok/webapp/main/react-v18/webapp-desktop/static/js/async/58204.c99dc8a6.js:11:38475 @ https://sf16-website-login.neutral.ttwstatic.com/obj/tiktok_web_login_static/tiktok/webapp/main/react-v18/webapp-desktop/static/js/async/79936.7ef6faba.js:0
[   33865ms] [ERROR] Failed to load resource: the server responded with a status of 403 () @ https://v19-webapp-prime.tiktok.com/video/tos/alisg/tos-alisg-pve-0037c001/owFJuLpqVAFUBerQE98ZpRkBUUVfEUKxEvvgID/?a=1988&bti=ODszNWYuMDE6&&bt=1294&ft=-Csk_maLPD12NlvTtn-UxtvVhY9e3wv25ocAp&mime_type=video_mp4&rc=OTQ5MzU4M2ZoNTY6MzRoPEBpanhueXg5cnRzPDMzODczNEBjL19hXjFeNi4xYTQuMjRjYSNraGRvMmRzMV5hLS1kMTFzcw%3D%3D&expire=1788208079&l=202608300426455517DF5CACC5F1BC6E34&ply_type=2&policy=2&signature=4d58e6e915d1a8024f7bed710f7aa7ec&tk=tt_chain_token&btag=e00048000:0
[   33866ms] [WARNING] [04:27:01.833][warn][preload.demux.fetch][0](loaderId=47) PlayerError: NETWORK_FORBIDDEN
    at https://sf16-website-login.neutral.ttwstatic.com/obj/tiktok_web_login_static/tiktok/webapp/main/react-v18/webapp-desktop/static/js/async/58204.c99dc8a6.js:11:38475 @ https://sf16-website-login.neutral.ttwstatic.com/obj/tiktok_web_login_static/tiktok/webapp/main/react-v18/webapp-desktop/static/js/async/79936.7ef6faba.js:0
[   34052ms] [ERROR] Failed to load resource: the server responded with a status of 403 () @ https://v16-webapp-prime.tiktok.com/video/tos/alisg/tos-alisg-pve-0037c001/owFJuLpqVAFUBerQE98ZpRkBUUVfEUKxEvvgID/?a=1988&bti=bGRuZHxvMXIxcm53Zm1cYF9ebWFzaHFmOg%3D%3D&&bt=1294&ft=HAY7nvT4QtHUxynKptC6E4DjYlRcVTN1GbuN.c4q8Z4ka&mime_type=video_mp4&rc=OTQ5MzU4M2ZoNTY6MzRoPEBpanhueXg5cnRzPDMzODczNEBjL19hXjFeNi4xYTQuMjRjYSNraGRvMmRzMV5hLS1kMTFzcw%3D%3D&expire=1788056895&l=202608300427017327B9F1D6662DAAEBD9&ply_type=2&policy=2&signature=cd9ad9cebfe4c41c1a0847748dc7e7b6&tk=tt_chain_token&btag=e00050000:0
[   34053ms] [ERROR] [04:27:02.020][error][preload.demux.fetch][0](loaderId=47) PlayerError: NETWORK_FORBIDDEN
    at https://sf16-website-login.neutral.ttwstatic.com/obj/tiktok_web_login_static/tiktok/webapp/main/react-v18/webapp-desktop/static/js/async/58204.c99dc8a6.js:11:38475 @ https://sf16-website-login.neutral.ttwstatic.com/obj/tiktok_web_login_static/tiktok/webapp/main/react-v18/webapp-desktop/static/js/webapp-desktop.4fb19bf6.js:0
[   34053ms] [WARNING] [04:27:02.020][warn][preloader][1] event.error {code: 2103, message: NETWORK_FORBIDDEN} @ https://sf16-website-login.neutral.ttwstatic.com/obj/tiktok_web_login_static/tiktok/webapp/main/react-v18/webapp-desktop/static/js/async/79936.7ef6faba.js:0
[   34053ms] [ERROR] [Preloader_TT] onPreloaderError PlayerError: NETWORK_FORBIDDEN
    at x.$processErrorAndFallback (https://sf16-website-login.neutral.ttwstatic.com/obj/tiktok_web_login_static/tiktok/webapp/main/react-v18/webapp-desktop/static/js/async/58204.c99dc8a6.js:11:34882)
    at https://sf16-website-login.neutral.ttwstatic.com/obj/tiktok_web_login_static/tiktok/webapp/main/react-v18/webapp-desktop/static/js/async/58204.c99dc8a6.js:11:40960 @ https://sf16-website-login.neutral.ttwstatic.com/obj/tiktok_web_login_static/tiktok/webapp/main/react-v18/webapp-desktop/static/js/webapp-desktop.4fb19bf6.js:0
[   51899ms] [ERROR] Failed to load resource: the server responded with a status of 403 () @ https://v16-webapp-prime.tiktok.com/video/tos/alisg/tos-alisg-pve-0037c001/oUeA2CEaLwDIjfAZQLw9FuzDfyog7UIIS9QNkh/?a=1988&bti=ODszNWYuMDE6&&bt=958&ft=-Csk_maLPD12NlvTtn-UxtvVhY9e3wv25ocAp&mime_type=video_mp4&rc=aDlmZzM7Zjs5OjtpNGhnPEBpamZ1dnM5cjZ0PDMzODczNEAwNl41XjAxXzUxLS5hYGM1YSNxcWcvMmRjNXBhLS1kMTFzcw%3D%3D&expire=1788208042&l=202608300426455517DF5CACC5F1BC6E34&ply_type=2&policy=2&signature=2a439a0516e1750b08bdfa0528f88b58&tk=tt_chain_token&btag=e00048000:0
[   51899ms] [WARNING] [04:27:19.866][warn][demux.fetch][3](loaderId=32) PlayerError: NETWORK_FORBIDDEN
    at https://sf16-website-login.neutral.ttwstatic.com/obj/tiktok_web_login_static/tiktok/webapp/main/react-v18/webapp-desktop/static/js/async/58204.c99dc8a6.js:11:38475 @ https://sf16-website-login.neutral.ttwstatic.com/obj/tiktok_web_login_static/tiktok/webapp/main/react-v18/webapp-desktop/static/js/async/79936.7ef6faba.js:0
[   51899ms] [WARNING] [04:27:19.866][warn][multiplex][3] event.exception {code: 2103, message: NETWORK_FORBIDDEN} @ https://sf16-website-login.neutral.ttwstatic.com/obj/tiktok_web_login_static/tiktok/webapp/main/react-v18/webapp-desktop/static/js/async/79936.7ef6faba.js:0
[   51942ms] [ERROR] Failed to load resource: the server responded with a status of 403 () @ https://v19-webapp-prime.tiktok.com/video/tos/alisg/tos-alisg-pve-0037c001/oUeA2CEaLwDIjfAZQLw9FuzDfyog7UIIS9QNkh/?a=1988&bti=ODszNWYuMDE6&&bt=958&ft=-Csk_maLPD12NlvTtn-UxtvVhY9e3wv25ocAp&mime_type=video_mp4&rc=aDlmZzM7Zjs5OjtpNGhnPEBpamZ1dnM5cjZ0PDMzODczNEAwNl41XjAxXzUxLS5hYGM1YSNxcWcvMmRjNXBhLS1kMTFzcw%3D%3D&expire=1788208042&l=202608300426455517DF5CACC5F1BC6E34&ply_type=2&policy=2&signature=2a439a0516e1750b08bdfa0528f88b58&tk=tt_chain_token&btag=e00048000:0
[   51943ms] [WARNING] [04:27:19.910][warn][demux.fetch][3](loaderId=32) PlayerError: NETWORK_FORBIDDEN
    at https://sf16-website-login.neutral.ttwstatic.com/obj/tiktok_web_login_static/tiktok/webapp/main/react-v18/webapp-desktop/static/js/async/58204.c99dc8a6.js:11:38475 @ https://sf16-website-login.neutral.ttwstatic.com/obj/tiktok_web_login_static/tiktok/webapp/main/react-v18/webapp-desktop/static/js/async/79936.7ef6faba.js:0
[   51943ms] [WARNING] [04:27:19.910][warn][multiplex][3] event.exception {code: 2103, message: NETWORK_FORBIDDEN} @ https://sf16-website-login.neutral.ttwstatic.com/obj/tiktok_web_login_static/tiktok/webapp/main/react-v18/webapp-desktop/static/js/async/79936.7ef6faba.js:0
[   52113ms] [ERROR] Failed to load resource: the server responded with a status of 403 () @ https://v16-webapp-prime.tiktok.com/video/tos/alisg/tos-alisg-pve-0037c001/oUeA2CEaLwDIjfAZQLw9FuzDfyog7UIIS9QNkh/?a=1988&bti=bGRuZHxvMXIxcm53Zm1cYF9ebWFzaHFmOg%3D%3D&&bt=958&ft=HAY7nvT4QtHUxynKptC6E4DjYlNcVTN1GbuN.c4q8Z4ka&mime_type=video_mp4&rc=aDlmZzM7Zjs5OjtpNGhnPEBpamZ1dnM5cjZ0PDMzODczNEAwNl41XjAxXzUxLS5hYGM1YSNxcWcvMmRjNXBhLS1kMTFzcw%3D%3D&expire=1788056877&l=20260830042719E747C12731E58EB27BA9&ply_type=2&policy=2&signature=21ec3a636748431afa8b964e0ee43bba&tk=tt_chain_token&btag=e00088000:0
[   52113ms] [ERROR] [04:27:20.081][error][demux.fetch][3](loaderId=32) PlayerError: NETWORK_FORBIDDEN
    at https://sf16-website-login.neutral.ttwstatic.com/obj/tiktok_web_login_static/tiktok/webapp/main/react-v18/webapp-desktop/static/js/async/58204.c99dc8a6.js:11:38475 @ https://sf16-website-login.neutral.ttwstatic.com/obj/tiktok_web_login_static/tiktok/webapp/main/react-v18/webapp-desktop/static/js/webapp-desktop.4fb19bf6.js:0
[   52113ms] [WARNING] [04:27:20.081][warn][multiplex][3] multiplex downgrade: 2103 NETWORK_FORBIDDEN @ https://sf16-website-login.neutral.ttwstatic.com/obj/tiktok_web_login_static/tiktok/webapp/main/react-v18/webapp-desktop/static/js/async/79936.7ef6faba.js:0
[   52148ms] [ERROR] Failed to load resource: the server responded with a status of 403 () @ https://v16-webapp-prime.tiktok.com/video/tos/alisg/tos-alisg-pve-0037c001/oIASeqwRqFmbfAGP04iARtgGJYYZfPAMx4xjeQ/?a=1988&bti=ODszNWYuMDE6&&bt=1261&ft=-Csk_maLPD12NlvTtn-UxtvVhY9e3wv25ocAp&mime_type=video_mp4&rc=ODZlPDNpZDhpNDdpNzpmNkBpMzZ4a3E5cjlzZDMzODczNEAxNV8wYzBjNTAxM18uNC0vYSNzMzQ2MmQ0ZTRhLS1kMTFzcw%3D%3D&expire=1788208027&l=202608300426455517DF5CACC5F1BC6E34&ply_type=2&policy=2&signature=1e82eddaa56b818de6bccce3d5554761&tk=tt_chain_token&btag=e000b8000:0
[   52148ms] [WARNING] [04:27:20.116][warn][preload.demux.fetch][0](loaderId=52) PlayerError: NETWORK_FORBIDDEN
    at https://sf16-website-login.neutral.ttwstatic.com/obj/tiktok_web_login_static/tiktok/webapp/main/react-v18/webapp-desktop/static/js/async/58204.c99dc8a6.js:11:38475 @ https://sf16-website-login.neutral.ttwstatic.com/obj/tiktok_web_login_static/tiktok/webapp/main/react-v18/webapp-desktop/static/js/async/79936.7ef6faba.js:0
[   52204ms] [ERROR] Failed to load resource: the server responded with a status of 403 () @ https://v19-webapp-prime.tiktok.com/video/tos/alisg/tos-alisg-pve-0037c001/oIASeqwRqFmbfAGP04iARtgGJYYZfPAMx4xjeQ/?a=1988&bti=ODszNWYuMDE6&&bt=1261&ft=-Csk_maLPD12NlvTtn-UxtvVhY9e3wv25ocAp&mime_type=video_mp4&rc=ODZlPDNpZDhpNDdpNzpmNkBpMzZ4a3E5cjlzZDMzODczNEAxNV8wYzBjNTAxM18uNC0vYSNzMzQ2MmQ0ZTRhLS1kMTFzcw%3D%3D&expire=1788208027&l=202608300426455517DF5CACC5F1BC6E34&ply_type=2&policy=2&signature=1e82eddaa56b818de6bccce3d5554761&tk=tt_chain_token&btag=e000b8000:0
[   52204ms] [WARNING] [04:27:20.172][warn][preload.demux.fetch][0](loaderId=52) PlayerError: NETWORK_FORBIDDEN
    at https://sf16-website-login.neutral.ttwstatic.com/obj/tiktok_web_login_static/tiktok/webapp/main/react-v18/webapp-desktop/static/js/async/58204.c99dc8a6.js:11:38475 @ https://sf16-website-login.neutral.ttwstatic.com/obj/tiktok_web_login_static/tiktok/webapp/main/react-v18/webapp-desktop/static/js/async/79936.7ef6faba.js:0
[   52330ms] [WARNING] The 'deprecatedStyle' prop is deprecated. Please use the associated style props instead (e.g. "marginInline", "flex") @ https://sf16-website-login.neutral.ttwstatic.com/obj/tiktok_web_login_static/tiktok/webapp/main/react-v18/webapp-desktop/static/js/async/16119.4be2579f.js:0
[   52385ms] [INFO] Creating a worker from 'https://www.tiktok.com/webapp-desktop/static/worker/vodsr-worker-BtW-VP4y.js' violates the following Content Security Policy directive: "worker-src www.tiktok.com/business/sw.js www.tiktok.com/embed/sw.js www.tiktok.com/firebase-messaging-sw.js www.tiktok.com/help/sw.js www.tiktok.com/sw.js". The policy is report-only, so the violation has been logged but no further action has been taken. @ https://sf16-website-login.neutral.ttwstatic.com/obj/tiktok_web_login_static/tiktok/webapp/main/react-v18/webapp-desktop/static/js/async/58204.c99dc8a6.js:28
[   52503ms] [ERROR] Failed to load resource: the server responded with a status of 403 () @ https://v16-webapp-prime.tiktok.com/video/tos/alisg/tos-alisg-pve-0037c001/oIASeqwRqFmbfAGP04iARtgGJYYZfPAMx4xjeQ/?a=1988&bti=bGRuZHxvMXIxcm53Zm1cYF9ebWFzaHFmOg%3D%3D&&bt=1261&ft=HAY7nvT4QtHUxynKptC6E4DjYlNcVTN1GbuN.c4q8Z4ka&mime_type=video_mp4&rc=ODZlPDNpZDhpNDdpNzpmNkBpMzZ4a3E5cjlzZDMzODczNEAxNV8wYzBjNTAxM18uNC0vYSNzMzQ2MmQ0ZTRhLS1kMTFzcw%3D%3D&expire=1788056862&l=20260830042720EEADBE42047C1EB1B4C9&ply_type=2&policy=2&signature=eb969e5a73693547cd57ef6376a95ec9&tk=tt_chain_token&btag=e000b8000:0
[   52504ms] [ERROR] [04:27:20.471][error][fetch][4](loaderId=52) PlayerError: NETWORK_FORBIDDEN
    at https://sf16-website-login.neutral.ttwstatic.com/obj/tiktok_web_login_static/tiktok/webapp/main/react-v18/webapp-desktop/static/js/async/58204.c99dc8a6.js:11:38475 @ https://sf16-website-login.neutral.ttwstatic.com/obj/tiktok_web_login_static/tiktok/webapp/main/react-v18/webapp-desktop/static/js/webapp-desktop.4fb19bf6.js:0
[   52504ms] [WARNING] [04:27:20.471][warn][multiplex][4] multiplex downgrade: 2103 NETWORK_FORBIDDEN @ https://sf16-website-login.neutral.ttwstatic.com/obj/tiktok_web_login_static/tiktok/webapp/main/react-v18/webapp-desktop/static/js/async/79936.7ef6faba.js:0
[   52504ms] [WARNING] [04:27:20.472][warn][controller][4] AbortError: The play() request was interrupted by a new load request. https://goo.gl/LdLk22 @ https://sf16-website-login.neutral.ttwstatic.com/obj/tiktok_web_login_static/tiktok/webapp/main/react-v18/webapp-desktop/static/js/async/79936.7ef6faba.js:0
[   52504ms] [WARNING] [04:27:20.472][warn][controller][4] AbortError: The play() request was interrupted by a new load request. https://goo.gl/LdLk22 @ https://sf16-website-login.neutral.ttwstatic.com/obj/tiktok_web_login_static/tiktok/webapp/main/react-v18/webapp-desktop/static/js/async/79936.7ef6faba.js:0
[   52504ms] [WARNING] [04:27:20.472][warn][controller][4] AbortError: The play() request was interrupted by a new load request. https://goo.gl/LdLk22 @ https://sf16-website-login.neutral.ttwstatic.com/obj/tiktok_web_login_static/tiktok/webapp/main/react-v18/webapp-desktop/static/js/async/79936.7ef6faba.js:0
[   55713ms] [WARNING] The 'deprecatedStyle' prop is deprecated. Please use the associated style props instead (e.g. "marginInline", "flex") @ https://sf16-website-login.neutral.ttwstatic.com/obj/tiktok_web_login_static/tiktok/webapp/main/react-v18/webapp-desktop/static/js/async/16119.4be2579f.js:0
[   55803ms] [WARNING] The 'deprecatedStyle' prop is deprecated. Please use the associated style props instead (e.g. "marginInline", "flex") @ https://sf16-website-login.neutral.ttwstatic.com/obj/tiktok_web_login_static/tiktok/webapp/main/react-v18/webapp-desktop/static/js/async/16119.4be2579f.js:0
[   56295ms] [WARNING] The 'deprecatedStyle' prop is deprecated. Please use the associated style props instead (e.g. "marginInline", "flex") @ https://sf16-website-login.neutral.ttwstatic.com/obj/tiktok_web_login_static/tiktok/webapp/main/react-v18/webapp-desktop/static/js/async/16119.4be2579f.js:0
[   56353ms] [ERROR] Failed to load resource: the server responded with a status of 403 () @ https://v16-webapp-prime.tiktok.com/video/tos/alisg/tos-alisg-ve-37c810-sg/oInvaBfIJCicA6JvCw3zvq0NoSIZWANGiEIAQ4/?a=1988&bti=ODszNWYuMDE6&&bt=1001&ft=-Csk_maLPD12NlvTtn-UxtvVhY9e3wv25ocAp&mime_type=video_mp4&rc=cnF8b2hsc2d3SkBwaHIxaDFybndmZzU6aGZnOzplaGZnaTs8ZUBpajo0dXE5cjxzNTMzODczNEBjRl5Nc3FePmJKYSNvYF90aHFmOiM2Nl8vYDAvNTUxYDReNTIwYSMxZ21rMmRrcm1hLS1kMTFzcw%3D%3D&expire=1788208024&l=202608300426455517DF5CACC5F1BC6E34&ply_type=2&policy=2&signature=3c04f340749293e80bfa928120ded608&tk=tt_chain_token&btag=e000b8000:0
[   56353ms] [WARNING] [04:27:24.321][warn][demux.fetch][1](loaderId=2) PlayerError: NETWORK_FORBIDDEN
    at https://sf16-website-login.neutral.ttwstatic.com/obj/tiktok_web_login_static/tiktok/webapp/main/react-v18/webapp-desktop/static/js/async/58204.c99dc8a6.js:11:38475 @ https://sf16-website-login.neutral.ttwstatic.com/obj/tiktok_web_login_static/tiktok/webapp/main/react-v18/webapp-desktop/static/js/async/79936.7ef6faba.js:0
[   56353ms] [WARNING] [04:27:24.321][warn][multiplex][1] event.exception {code: 2103, message: NETWORK_FORBIDDEN} @ https://sf16-website-login.neutral.ttwstatic.com/obj/tiktok_web_login_static/tiktok/webapp/main/react-v18/webapp-desktop/static/js/async/79936.7ef6faba.js:0
[   56405ms] [ERROR] Failed to load resource: the server responded with a status of 403 () @ https://v19-webapp-prime.tiktok.com/video/tos/alisg/tos-alisg-ve-37c810-sg/oInvaBfIJCicA6JvCw3zvq0NoSIZWANGiEIAQ4/?a=1988&bti=ODszNWYuMDE6&&bt=1001&ft=-Csk_maLPD12NlvTtn-UxtvVhY9e3wv25ocAp&mime_type=video_mp4&rc=cnF8b2hsc2d3SkBwaHIxaDFybndmZzU6aGZnOzplaGZnaTs8ZUBpajo0dXE5cjxzNTMzODczNEBjRl5Nc3FePmJKYSNvYF90aHFmOiM2Nl8vYDAvNTUxYDReNTIwYSMxZ21rMmRrcm1hLS1kMTFzcw%3D%3D&expire=1788208024&l=202608300426455517DF5CACC5F1BC6E34&ply_type=2&policy=2&signature=3c04f340749293e80bfa928120ded608&tk=tt_chain_token&btag=e000b8000:0
[   56405ms] [WARNING] [04:27:24.373][warn][demux.fetch][1](loaderId=2) PlayerError: NETWORK_FORBIDDEN
    at https://sf16-website-login.neutral.ttwstatic.com/obj/tiktok_web_login_static/tiktok/webapp/main/react-v18/webapp-desktop/static/js/async/58204.c99dc8a6.js:11:38475 @ https://sf16-website-login.neutral.ttwstatic.com/obj/tiktok_web_login_static/tiktok/webapp/main/react-v18/webapp-desktop/static/js/async/79936.7ef6faba.js:0
[   56405ms] [WARNING] [04:27:24.373][warn][multiplex][1] event.exception {code: 2103, message: NETWORK_FORBIDDEN} @ https://sf16-website-login.neutral.ttwstatic.com/obj/tiktok_web_login_static/tiktok/webapp/main/react-v18/webapp-desktop/static/js/async/79936.7ef6faba.js:0
[   56579ms] [ERROR] Failed to load resource: the server responded with a status of 403 () @ https://v16-webapp-prime.tiktok.com/video/tos/alisg/tos-alisg-ve-37c810-sg/oInvaBfIJCicA6JvCw3zvq0NoSIZWANGiEIAQ4/?a=1988&bti=bGRuZHxvMXIxcm53Zm1cYF9ebWFzaHFmOg%3D%3D&&bt=1001&ft=HAY7nvT4QtHUxynKptC6E4DjYl5cVTN1GbuN.c4q8Z4ka&mime_type=video_mp4&rc=ZzU6aGZnOzplaGZnaTs8ZUBpajo0dXE5cjxzNTMzODczNEA2Nl8vYDAvNTUxYDReNTIwYSMxZ21rMmRrcm1hLS1kMTFzcw%3D%3D&expire=1788056863&l=20260830042724EEADBE42047C1EB1B5E4&ply_type=2&policy=2&signature=aeeba2373126a80d4f12ed6b2aa4936b&tk=tt_chain_token&btag=e000b8000:0
[   56580ms] [ERROR] [04:27:24.547][error][demux.fetch][1](loaderId=2) PlayerError: NETWORK_FORBIDDEN
    at https://sf16-website-login.neutral.ttwstatic.com/obj/tiktok_web_login_static/tiktok/webapp/main/react-v18/webapp-desktop/static/js/async/58204.c99dc8a6.js:11:38475 @ https://sf16-website-login.neutral.ttwstatic.com/obj/tiktok_web_login_static/tiktok/webapp/main/react-v18/webapp-desktop/static/js/webapp-desktop.4fb19bf6.js:0
[   56580ms] [WARNING] [04:27:24.548][warn][multiplex][1] multiplex downgrade: 2103 NETWORK_FORBIDDEN @ https://sf16-website-login.neutral.ttwstatic.com/obj/tiktok_web_login_static/tiktok/webapp/main/react-v18/webapp-desktop/static/js/async/79936.7ef6faba.js:0
[   56581ms] [WARNING] [04:27:24.549][warn][controller][1] AbortError: The play() request was interrupted by a new load request. https://goo.gl/LdLk22 @ https://sf16-website-login.neutral.ttwstatic.com/obj/tiktok_web_login_static/tiktok/webapp/main/react-v18/webapp-desktop/static/js/async/79936.7ef6faba.js:0
[   56582ms] [WARNING] [04:27:24.549][warn][controller][1] AbortError: The play() request was interrupted by a new load request. https://goo.gl/LdLk22 @ https://sf16-website-login.neutral.ttwstatic.com/obj/tiktok_web_login_static/tiktok/webapp/main/react-v18/webapp-desktop/static/js/async/79936.7ef6faba.js:0
[   57348ms] [WARNING] The 'deprecatedStyle' prop is deprecated. Please use the associated style props instead (e.g. "marginInline", "flex") @ https://sf16-website-login.neutral.ttwstatic.com/obj/tiktok_web_login_static/tiktok/webapp/main/react-v18/webapp-desktop/static/js/async/16119.4be2579f.js:0
[   57495ms] [WARNING] The 'deprecatedStyle' prop is deprecated. Please use the associated style props instead (e.g. "marginInline", "flex") @ https://sf16-website-login.neutral.ttwstatic.com/obj/tiktok_web_login_static/tiktok/webapp/main/react-v18/webapp-desktop/static/js/async/16119.4be2579f.js:0
[   57564ms] [WARNING] The 'deprecatedStyle' prop is deprecated. Please use the associated style props instead (e.g. "marginInline", "flex") @ https://sf16-website-login.neutral.ttwstatic.com/obj/tiktok_web_login_static/tiktok/webapp/main/react-v18/webapp-desktop/static/js/async/16119.4be2579f.js:0
[   57615ms] [ERROR] Failed to load resource: the server responded with a status of 403 () @ https://v16-webapp-prime.tiktok.com/video/tos/alisg/tos-alisg-pve-0037c001/oYejIIOyeeZcZGUqSvC9EjEwAQL8DUAY1IGooI/?a=1988&bti=ODszNWYuMDE6&&bt=921&ft=-Csk_maLPD12NlvTtn-UxtvVhY9e3wv25ocAp&mime_type=video_mp4&rc=aGlpNmYzZGY2aWUzaGg6OEBpMzw7bHk5cm1mPDMzODczNEAwL18zLl42XjUxMzI0MS8vYSNjNWRgMmQ0MGlhLS1kMTFzcw%3D%3D&expire=1788208064&l=202608300426455517DF5CACC5F1BC6E34&ply_type=2&policy=2&signature=7049bd9521697750f7af497b017024e2&tk=tt_chain_token&btag=e00048000:0
[   57615ms] [WARNING] [04:27:25.583][warn][demux.fetch][1](loaderId=2) PlayerError: NETWORK_FORBIDDEN
    at https://sf16-website-login.neutral.ttwstatic.com/obj/tiktok_web_login_static/tiktok/webapp/main/react-v18/webapp-desktop/static/js/async/58204.c99dc8a6.js:11:38475 @ https://sf16-website-login.neutral.ttwstatic.com/obj/tiktok_web_login_static/tiktok/webapp/main/react-v18/webapp-desktop/static/js/async/79936.7ef6faba.js:0
[   57615ms] [WARNING] [04:27:25.583][warn][multiplex][1] event.exception {code: 2103, message: NETWORK_FORBIDDEN} @ https://sf16-website-login.neutral.ttwstatic.com/obj/tiktok_web_login_static/tiktok/webapp/main/react-v18/webapp-desktop/static/js/async/79936.7ef6faba.js:0
[   57677ms] [ERROR] Failed to load resource: the server responded with a status of 403 () @ https://v19-webapp-prime.tiktok.com/video/tos/alisg/tos-alisg-pve-0037c001/oYejIIOyeeZcZGUqSvC9EjEwAQL8DUAY1IGooI/?a=1988&bti=ODszNWYuMDE6&&bt=921&ft=-Csk_maLPD12NlvTtn-UxtvVhY9e3wv25ocAp&mime_type=video_mp4&rc=aGlpNmYzZGY2aWUzaGg6OEBpMzw7bHk5cm1mPDMzODczNEAwL18zLl42XjUxMzI0MS8vYSNjNWRgMmQ0MGlhLS1kMTFzcw%3D%3D&expire=1788208064&l=202608300426455517DF5CACC5F1BC6E34&ply_type=2&policy=2&signature=7049bd9521697750f7af497b017024e2&tk=tt_chain_token&btag=e00048000:0
[   57678ms] [WARNING] [04:27:25.645][warn][demux.fetch][1](loaderId=2) PlayerError: NETWORK_FORBIDDEN
    at https://sf16-website-login.neutral.ttwstatic.com/obj/tiktok_web_login_static/tiktok/webapp/main/react-v18/webapp-desktop/static/js/async/58204.c99dc8a6.js:11:38475 @ https://sf16-website-login.neutral.ttwstatic.com/obj/tiktok_web_login_static/tiktok/webapp/main/react-v18/webapp-desktop/static/js/async/79936.7ef6faba.js:0
[   57678ms] [WARNING] [04:27:25.645][warn][multiplex][1] event.exception {code: 2103, message: NETWORK_FORBIDDEN} @ https://sf16-website-login.neutral.ttwstatic.com/obj/tiktok_web_login_static/tiktok/webapp/main/react-v18/webapp-desktop/static/js/async/79936.7ef6faba.js:0
[   57842ms] [ERROR] Failed to load resource: the server responded with a status of 403 () @ https://v16-webapp-prime.tiktok.com/video/tos/alisg/tos-alisg-pve-0037c001/oYejIIOyeeZcZGUqSvC9EjEwAQL8DUAY1IGooI/?a=1988&bti=bGRuZHxvMXIxcm53Zm1cYF9ebWFzaHFmOg%3D%3D&&bt=921&ft=HAY7nvT4QtHUxynKptC6E4DjYlJcVTN1GbuN.c4q8Z4ka&mime_type=video_mp4&rc=aGlpNmYzZGY2aWUzaGg6OEBpMzw7bHk5cm1mPDMzODczNEAwL18zLl42XjUxMzI0MS8vYSNjNWRgMmQ0MGlhLS1kMTFzcw%3D%3D&expire=1788056904&l=202608300427256FD0F31E7AD686AC2F67&ply_type=2&policy=2&signature=aeb613df2e2117a6a0553cf07179a7ae&tk=tt_chain_token&btag=e00088000:0
[   57843ms] [ERROR] [04:27:25.810][error][demux.fetch][1](loaderId=2) PlayerError: NETWORK_FORBIDDEN
    at https://sf16-website-login.neutral.ttwstatic.com/obj/tiktok_web_login_static/tiktok/webapp/main/react-v18/webapp-desktop/static/js/async/58204.c99dc8a6.js:11:38475 @ https://sf16-website-login.neutral.ttwstatic.com/obj/tiktok_web_login_static/tiktok/webapp/main/react-v18/webapp-desktop/static/js/webapp-desktop.4fb19bf6.js:0
[   57843ms] [WARNING] [04:27:25.811][warn][multiplex][1] multiplex downgrade: 2103 NETWORK_FORBIDDEN @ https://sf16-website-login.neutral.ttwstatic.com/obj/tiktok_web_login_static/tiktok/webapp/main/react-v18/webapp-desktop/static/js/async/79936.7ef6faba.js:0
[   57844ms] [WARNING] [04:27:25.811][warn][controller][1] AbortError: The play() request was interrupted by a new load request. https://goo.gl/LdLk22 @ https://sf16-website-login.neutral.ttwstatic.com/obj/tiktok_web_login_static/tiktok/webapp/main/react-v18/webapp-desktop/static/js/async/79936.7ef6faba.js:0
[   61047ms] [WARNING] The 'deprecatedStyle' prop is deprecated. Please use the associated style props instead (e.g. "marginInline", "flex") @ https://sf16-website-login.neutral.ttwstatic.com/obj/tiktok_web_login_static/tiktok/webapp/main/react-v18/webapp-desktop/static/js/async/16119.4be2579f.js:0
[   61103ms] [ERROR] Failed to load resource: the server responded with a status of 403 () @ https://v16-webapp-prime.tiktok.com/video/tos/alisg/tos-alisg-pve-0037c001/osAXKTBACCI3Vi8MknC0dYBE6Ezh6AQNziEva/?a=1988&bti=ODszNWYuMDE6&&bt=1318&ft=-Csk_maLPD12NlvTtn-UxtvVhY9e3wv25ocAp&mime_type=video_mp4&rc=N2U7ODhnNGQ6OzRnMzM5ZUBpajpmZ3Y5cnRmPDMzODczNEA2MjMxMDQ2XzYxXzEyM2A1YSNvMi9xMmRraTNhLS1kMWBzcw%3D%3D&expire=1788208017&l=202608300426455517DF5CACC5F1BC6E34&ply_type=2&policy=2&signature=948393084a41a3b58d46e3ed202554a7&tk=tt_chain_token&btag=e00070000:0
[   61103ms] [WARNING] [04:27:29.070][warn][demux.fetch][1](loaderId=2) PlayerError: NETWORK_FORBIDDEN
    at https://sf16-website-login.neutral.ttwstatic.com/obj/tiktok_web_login_static/tiktok/webapp/main/react-v18/webapp-desktop/static/js/async/58204.c99dc8a6.js:11:38475 @ https://sf16-website-login.neutral.ttwstatic.com/obj/tiktok_web_login_static/tiktok/webapp/main/react-v18/webapp-desktop/static/js/async/79936.7ef6faba.js:0
[   61103ms] [WARNING] [04:27:29.070][warn][multiplex][1] event.exception {code: 2103, message: NETWORK_FORBIDDEN} @ https://sf16-website-login.neutral.ttwstatic.com/obj/tiktok_web_login_static/tiktok/webapp/main/react-v18/webapp-desktop/static/js/async/79936.7ef6faba.js:0
[   61160ms] [ERROR] Failed to load resource: the server responded with a status of 403 () @ https://v19-webapp-prime.tiktok.com/video/tos/alisg/tos-alisg-pve-0037c001/osAXKTBACCI3Vi8MknC0dYBE6Ezh6AQNziEva/?a=1988&bti=ODszNWYuMDE6&&bt=1318&ft=-Csk_maLPD12NlvTtn-UxtvVhY9e3wv25ocAp&mime_type=video_mp4&rc=N2U7ODhnNGQ6OzRnMzM5ZUBpajpmZ3Y5cnRmPDMzODczNEA2MjMxMDQ2XzYxXzEyM2A1YSNvMi9xMmRraTNhLS1kMWBzcw%3D%3D&expire=1788208017&l=202608300426455517DF5CACC5F1BC6E34&ply_type=2&policy=2&signature=948393084a41a3b58d46e3ed202554a7&tk=tt_chain_token&btag=e00070000:0
[   61160ms] [WARNING] [04:27:29.128][warn][demux.fetch][1](loaderId=2) PlayerError: NETWORK_FORBIDDEN
    at https://sf16-website-login.neutral.ttwstatic.com/obj/tiktok_web_login_static/tiktok/webapp/main/react-v18/webapp-desktop/static/js/async/58204.c99dc8a6.js:11:38475 @ https://sf16-website-login.neutral.ttwstatic.com/obj/tiktok_web_login_static/tiktok/webapp/main/react-v18/webapp-desktop/static/js/async/79936.7ef6faba.js:0
[   61161ms] [WARNING] [04:27:29.128][warn][multiplex][1] event.exception {code: 2103, message: NETWORK_FORBIDDEN} @ https://sf16-website-login.neutral.ttwstatic.com/obj/tiktok_web_login_static/tiktok/webapp/main/react-v18/webapp-desktop/static/js/async/79936.7ef6faba.js:0
[   61363ms] [ERROR] Failed to load resource: the server responded with a status of 403 () @ https://v16-webapp-prime.tiktok.com/video/tos/alisg/tos-alisg-pve-0037c001/osAXKTBACCI3Vi8MknC0dYBE6Ezh6AQNziEva/?a=1988&bti=bGRuZHxvMXIxcm53Zm1cYF9ebWFzaHFmOg%3D%3D&&bt=1318&ft=HAY7nvT4QtHUxynKptC6E4DjYl.cVTN1GbuN.c4q8Z4ka&mime_type=video_mp4&rc=N2U7ODhnNGQ6OzRnMzM5ZUBpajpmZ3Y5cnRmPDMzODczNEA2MjMxMDQ2XzYxXzEyM2A1YSNvMi9xMmRraTNhLS1kMWBzcw%3D%3D&expire=1788056861&l=20260830042729AE1C53BF1585F8AE3BB6&ply_type=2&policy=2&signature=d03184e50939476fd34c14512c0b05f5&tk=tt_chain_token&btag=e00070000:0
[   61363ms] [ERROR] [04:27:29.331][error][demux.fetch][1](loaderId=2) PlayerError: NETWORK_FORBIDDEN
    at https://sf16-website-login.neutral.ttwstatic.com/obj/tiktok_web_login_static/tiktok/webapp/main/react-v18/webapp-desktop/static/js/async/58204.c99dc8a6.js:11:38475 @ https://sf16-website-login.neutral.ttwstatic.com/obj/tiktok_web_login_static/tiktok/webapp/main/react-v18/webapp-desktop/static/js/webapp-desktop.4fb19bf6.js:0
[   61364ms] [WARNING] [04:27:29.331][warn][multiplex][1] multiplex downgrade: 2103 NETWORK_FORBIDDEN @ https://sf16-website-login.neutral.ttwstatic.com/obj/tiktok_web_login_static/tiktok/webapp/main/react-v18/webapp-desktop/static/js/async/79936.7ef6faba.js:0
[   61364ms] [WARNING] [04:27:29.332][warn][controller][1] AbortError: The play() request was interrupted by a new load request. https://goo.gl/LdLk22 @ https://sf16-website-login.neutral.ttwstatic.com/obj/tiktok_web_login_static/tiktok/webapp/main/react-v18/webapp-desktop/static/js/async/79936.7ef6faba.js:0
[   61364ms] [WARNING] [04:27:29.332][warn][controller][1] AbortError: The play() request was interrupted by a new load request. https://goo.gl/LdLk22 @ https://sf16-website-login.neutral.ttwstatic.com/obj/tiktok_web_login_static/tiktok/webapp/main/react-v18/webapp-desktop/static/js/async/79936.7ef6faba.js:0
[   62029ms] [WARNING] The 'deprecatedStyle' prop is deprecated. Please use the associated style props instead (e.g. "marginInline", "flex") @ https://sf16-website-login.neutral.ttwstatic.com/obj/tiktok_web_login_static/tiktok/webapp/main/react-v18/webapp-desktop/static/js/async/16119.4be2579f.js:0
[   62070ms] [WARNING] [04:27:30.037][warn][multiplex][1] AbortError: The play() request was interrupted by a call to pause(). https://goo.gl/LdLk22 @ https://sf16-website-login.neutral.ttwstatic.com/obj/tiktok_web_login_static/tiktok/webapp/main/react-v18/webapp-desktop/static/js/async/79936.7ef6faba.js:0
[   62097ms] [WARNING] The 'deprecatedStyle' prop is deprecated. Please use the associated style props instead (e.g. "marginInline", "flex") @ https://sf16-website-login.neutral.ttwstatic.com/obj/tiktok_web_login_static/tiktok/webapp/main/react-v18/webapp-desktop/static/js/async/16119.4be2579f.js:0
[   62136ms] [WARNING] [04:27:30.103][warn][controller][1] AbortError: The play() request was interrupted by a call to pause(). https://goo.gl/LdLk22 @ https://sf16-website-login.neutral.ttwstatic.com/obj/tiktok_web_login_static/tiktok/webapp/main/react-v18/webapp-desktop/static/js/async/79936.7ef6faba.js:0
[   62136ms] [WARNING] [04:27:30.103][warn][controller][1] AbortError: The play() request was interrupted by a call to pause(). https://goo.gl/LdLk22 @ https://sf16-website-login.neutral.ttwstatic.com/obj/tiktok_web_login_static/tiktok/webapp/main/react-v18/webapp-desktop/static/js/async/79936.7ef6faba.js:0
[   62142ms] [ERROR] Failed to load resource: the server responded with a status of 403 () @ https://v16-webapp-prime.tiktok.com/video/tos/alisg/tos-alisg-pve-0037c001/o4FpuIEqTArUB6yQErIdhR2BcUNfESQVEftgID/?a=1988&bti=ODszNWYuMDE6&&bt=1126&ft=-Csk_maLPD12NlvTtn-UxtvVhY9e3wv25ocAp&mime_type=video_mp4&rc=OTpoODo4ZGVmNzg2ZTpkNkBpanQ0bG85cnZ3PDMzODczNEBhM14zLjVhXzUxLmAxLmExYSNqNi9zMmRraDNhLS1kMWBzcw%3D%3D&expire=1788208065&l=202608300426455517DF5CACC5F1BC6E34&ply_type=2&policy=2&signature=ca0d4fc447a2754afe57d18f78209bb2&tk=tt_chain_token&btag=e00048000:0
[   62144ms] [ERROR] Failed to load resource: the server responded with a status of 403 () @ https://v16-webapp-prime.tiktok.com/video/tos/alisg/tos-alisg-pve-0037c001/o0uMBlfDUIzEROqEBudgpUebRBVA4Ek4FQECEg/?a=1988&bti=ODszNWYuMDE6&&bt=1189&ft=-Csk_maLPD12NlvTtn-UxtvVhY9e3wv25ocAp&mime_type=video_mp4&rc=NGdmZzRoOTs8PGY8aDM1M0BpM3hkPHM5cjN1PDMzODczNEAxMl80YDM1NWMxMjItMTVeYSNkYmZkMmRrZjVhLS1kMTFzcw%3D%3D&expire=1788208038&l=202608300426455517DF5CACC5F1BC6E34&ply_type=2&policy=2&signature=bfb5734ca688ac993302775a966bd6db&tk=tt_chain_token&btag=e00048000:0
[   62144ms] [WARNING] [04:27:30.111][warn][demux.fetch][1](loaderId=2) PlayerError: NETWORK_FORBIDDEN
    at https://sf16-website-login.neutral.ttwstatic.com/obj/tiktok_web_login_static/tiktok/webapp/main/react-v18/webapp-desktop/static/js/async/58204.c99dc8a6.js:11:38475 @ https://sf16-website-login.neutral.ttwstatic.com/obj/tiktok_web_login_static/tiktok/webapp/main/react-v18/webapp-desktop/static/js/async/79936.7ef6faba.js:0
[   62144ms] [WARNING] [04:27:30.111][warn][multiplex][1] event.exception {code: 2103, message: NETWORK_FORBIDDEN} @ https://sf16-website-login.neutral.ttwstatic.com/obj/tiktok_web_login_static/tiktok/webapp/main/react-v18/webapp-desktop/static/js/async/79936.7ef6faba.js:0
[   62184ms] [ERROR] Failed to load resource: the server responded with a status of 403 () @ https://v19-webapp-prime.tiktok.com/video/tos/alisg/tos-alisg-pve-0037c001/o0uMBlfDUIzEROqEBudgpUebRBVA4Ek4FQECEg/?a=1988&bti=ODszNWYuMDE6&&bt=1189&ft=-Csk_maLPD12NlvTtn-UxtvVhY9e3wv25ocAp&mime_type=video_mp4&rc=NGdmZzRoOTs8PGY8aDM1M0BpM3hkPHM5cjN1PDMzODczNEAxMl80YDM1NWMxMjItMTVeYSNkYmZkMmRrZjVhLS1kMTFzcw%3D%3D&expire=1788208038&l=202608300426455517DF5CACC5F1BC6E34&ply_type=2&policy=2&signature=bfb5734ca688ac993302775a966bd6db&tk=tt_chain_token&btag=e00048000:0
[   62184ms] [WARNING] [04:27:30.152][warn][demux.fetch][1](loaderId=2) PlayerError: NETWORK_FORBIDDEN
    at https://sf16-website-login.neutral.ttwstatic.com/obj/tiktok_web_login_static/tiktok/webapp/main/react-v18/webapp-desktop/static/js/async/58204.c99dc8a6.js:11:38475 @ https://sf16-website-login.neutral.ttwstatic.com/obj/tiktok_web_login_static/tiktok/webapp/main/react-v18/webapp-desktop/static/js/async/79936.7ef6faba.js:0
[   62184ms] [WARNING] [04:27:30.152][warn][multiplex][1] event.exception {code: 2103, message: NETWORK_FORBIDDEN} @ https://sf16-website-login.neutral.ttwstatic.com/obj/tiktok_web_login_static/tiktok/webapp/main/react-v18/webapp-desktop/static/js/async/79936.7ef6faba.js:0
[   62351ms] [ERROR] Failed to load resource: the server responded with a status of 403 () @ https://v16-webapp-prime.tiktok.com/video/tos/alisg/tos-alisg-pve-0037c001/o0uMBlfDUIzEROqEBudgpUebRBVA4Ek4FQECEg/?a=1988&bti=bGRuZHxvMXIxcm53Zm1cYF9ebWFzaHFmOg%3D%3D&&bt=1189&ft=HAY7nvT4QtHUxynKptC6E4DjYl0cVTN1GbuN.c4q8Z4ka&mime_type=video_mp4&rc=NGdmZzRoOTs8PGY8aDM1M0BpM3hkPHM5cjN1PDMzODczNEAxMl80YDM1NWMxMjItMTVeYSNkYmZkMmRrZjVhLS1kMTFzcw%3D%3D&expire=1788056883&l=2026083004273016BC12FA6BB1D0AB4206&ply_type=2&policy=2&signature=59a8bad5efc8a6b5ee0dec33dc813c9e&tk=tt_chain_token&btag=e00048000:0
[   62352ms] [ERROR] [04:27:30.319][error][demux.fetch][1](loaderId=2) PlayerError: NETWORK_FORBIDDEN
    at https://sf16-website-login.neutral.ttwstatic.com/obj/tiktok_web_login_static/tiktok/webapp/main/react-v18/webapp-desktop/static/js/async/58204.c99dc8a6.js:11:38475 @ https://sf16-website-login.neutral.ttwstatic.com/obj/tiktok_web_login_static/tiktok/webapp/main/react-v18/webapp-desktop/static/js/webapp-desktop.4fb19bf6.js:0
[   62352ms] [WARNING] [04:27:30.319][warn][multiplex][1] multiplex downgrade: 2103 NETWORK_FORBIDDEN @ https://sf16-website-login.neutral.ttwstatic.com/obj/tiktok_web_login_static/tiktok/webapp/main/react-v18/webapp-desktop/static/js/async/79936.7ef6faba.js:0
[   62353ms] [WARNING] [04:27:30.320][warn][controller][1] AbortError: The play() request was interrupted by a new load request. https://goo.gl/LdLk22 @ https://sf16-website-login.neutral.ttwstatic.com/obj/tiktok_web_login_static/tiktok/webapp/main/react-v18/webapp-desktop/static/js/async/79936.7ef6faba.js:0
[   62353ms] [WARNING] [04:27:30.320][warn][controller][1] AbortError: The play() request was interrupted by a new load request. https://goo.gl/LdLk22 @ https://sf16-website-login.neutral.ttwstatic.com/obj/tiktok_web_login_static/tiktok/webapp/main/react-v18/webapp-desktop/static/js/async/79936.7ef6faba.js:0
[   66501ms] [WARNING] The 'deprecatedStyle' prop is deprecated. Please use the associated style props instead (e.g. "marginInline", "flex") @ https://sf16-website-login.neutral.ttwstatic.com/obj/tiktok_web_login_static/tiktok/webapp/main/react-v18/webapp-desktop/static/js/async/16119.4be2579f.js:0
[   66607ms] [ERROR] Failed to load resource: the server responded with a status of 403 () @ https://v16-webapp-prime.tiktok.com/video/tos/alisg/tos-alisg-pve-0037c001/oY3qXu10QAGqgRHSgQFMRWcDTfbuCfSEBEBiKI/?a=1988&bti=ODszNWYuMDE6&&bt=1050&ft=-Csk_maLPD12NlvTtn-UxtvVhY9e3wv25ocAp&mime_type=video_mp4&rc=NjQ5ODU7ZjZlaTM8NGg7ZEBpM3E7dW85cm5sPDMzODczNEBjMTVhLy4wNjIxYDYyMi9gYSMwL2NhMmRzbi9hLS1kMWBzcw%3D%3D&expire=1788208067&l=202608300426455517DF5CACC5F1BC6E34&ply_type=2&policy=2&signature=cdafbef0266b7231019eef9ac6456bd0&tk=tt_chain_token&btag=e00048000:0
[   66608ms] [WARNING] [04:27:34.575][warn][demux.fetch][1](loaderId=2) PlayerError: NETWORK_FORBIDDEN
    at https://sf16-website-login.neutral.ttwstatic.com/obj/tiktok_web_login_static/tiktok/webapp/main/react-v18/webapp-desktop/static/js/async/58204.c99dc8a6.js:11:38475 @ https://sf16-website-login.neutral.ttwstatic.com/obj/tiktok_web_login_static/tiktok/webapp/main/react-v18/webapp-desktop/static/js/async/79936.7ef6faba.js:0
[   66608ms] [WARNING] [04:27:34.575][warn][multiplex][1] event.exception {code: 2103, message: NETWORK_FORBIDDEN} @ https://sf16-website-login.neutral.ttwstatic.com/obj/tiktok_web_login_static/tiktok/webapp/main/react-v18/webapp-desktop/static/js/async/79936.7ef6faba.js:0
[   66637ms] [ERROR] Failed to load resource: the server responded with a status of 403 () @ https://v19-webapp-prime.tiktok.com/video/tos/alisg/tos-alisg-pve-0037c001/oY3qXu10QAGqgRHSgQFMRWcDTfbuCfSEBEBiKI/?a=1988&bti=ODszNWYuMDE6&&bt=1050&ft=-Csk_maLPD12NlvTtn-UxtvVhY9e3wv25ocAp&mime_type=video_mp4&rc=NjQ5ODU7ZjZlaTM8NGg7ZEBpM3E7dW85cm5sPDMzODczNEBjMTVhLy4wNjIxYDYyMi9gYSMwL2NhMmRzbi9hLS1kMWBzcw%3D%3D&expire=1788208067&l=202608300426455517DF5CACC5F1BC6E34&ply_type=2&policy=2&signature=cdafbef0266b7231019eef9ac6456bd0&tk=tt_chain_token&btag=e00048000:0
[   66637ms] [WARNING] [04:27:34.605][warn][demux.fetch][1](loaderId=2) PlayerError: NETWORK_FORBIDDEN
    at https://sf16-website-login.neutral.ttwstatic.com/obj/tiktok_web_login_static/tiktok/webapp/main/react-v18/webapp-desktop/static/js/async/58204.c99dc8a6.js:11:38475 @ https://sf16-website-login.neutral.ttwstatic.com/obj/tiktok_web_login_static/tiktok/webapp/main/react-v18/webapp-desktop/static/js/async/79936.7ef6faba.js:0
[   66637ms] [WARNING] [04:27:34.605][warn][multiplex][1] event.exception {code: 2103, message: NETWORK_FORBIDDEN} @ https://sf16-website-login.neutral.ttwstatic.com/obj/tiktok_web_login_static/tiktok/webapp/main/react-v18/webapp-desktop/static/js/async/79936.7ef6faba.js:0
[   66848ms] [ERROR] Failed to load resource: the server responded with a status of 403 () @ https://v16-webapp-prime.tiktok.com/video/tos/alisg/tos-alisg-pve-0037c001/oY3qXu10QAGqgRHSgQFMRWcDTfbuCfSEBEBiKI/?a=1988&bti=bGRuZHxvMXIxcm53Zm1cYF9ebWFzaHFmOg%3D%3D&&bt=1050&ft=HAY7nvT4QtHUxynKptC6E4DjYl9cVTN1GbuN.c4q8Z4ka&mime_type=video_mp4&rc=NjQ5ODU7ZjZlaTM8NGg7ZEBpM3E7dW85cm5sPDMzODczNEBjMTVhLy4wNjIxYDYyMi9gYSMwL2NhMmRzbi9hLS1kMWBzcw%3D%3D&expire=1788056916&l=20260830042734F8677761C93DC1AF4A78&ply_type=2&policy=2&signature=0d3e23a8d34bb0c8c44c7b19abd319b8&tk=tt_chain_token&btag=e00050000:0
[   66849ms] [ERROR] [04:27:34.816][error][demux.fetch][1](loaderId=2) PlayerError: NETWORK_FORBIDDEN
    at https://sf16-website-login.neutral.ttwstatic.com/obj/tiktok_web_login_static/tiktok/webapp/main/react-v18/webapp-desktop/static/js/async/58204.c99dc8a6.js:11:38475 @ https://sf16-website-login.neutral.ttwstatic.com/obj/tiktok_web_login_static/tiktok/webapp/main/react-v18/webapp-desktop/static/js/webapp-desktop.4fb19bf6.js:0
[   66849ms] [WARNING] [04:27:34.816][warn][multiplex][1] multiplex downgrade: 2103 NETWORK_FORBIDDEN @ https://sf16-website-login.neutral.ttwstatic.com/obj/tiktok_web_login_static/tiktok/webapp/main/react-v18/webapp-desktop/static/js/async/79936.7ef6faba.js:0
[   66850ms] [WARNING] [04:27:34.817][warn][controller][1] AbortError: The play() request was interrupted by a new load request. https://goo.gl/LdLk22 @ https://sf16-website-login.neutral.ttwstatic.com/obj/tiktok_web_login_static/tiktok/webapp/main/react-v18/webapp-desktop/static/js/async/79936.7ef6faba.js:0
[   66850ms] [WARNING] [04:27:34.817][warn][controller][1] AbortError: The play() request was interrupted by a new load request. https://goo.gl/LdLk22 @ https://sf16-website-login.neutral.ttwstatic.com/obj/tiktok_web_login_static/tiktok/webapp/main/react-v18/webapp-desktop/static/js/async/79936.7ef6faba.js:0
[   70383ms] [WARNING] The 'deprecatedStyle' prop is deprecated. Please use the associated style props instead (e.g. "marginInline", "flex") @ https://sf16-website-login.neutral.ttwstatic.com/obj/tiktok_web_login_static/tiktok/webapp/main/react-v18/webapp-desktop/static/js/async/16119.4be2579f.js:0
[   70528ms] [ERROR] Failed to load resource: the server responded with a status of 403 () @ https://v16-webapp-prime.tiktok.com/video/tos/alisg/tos-alisg-pve-0037c001/oY3qXu10QAGqgRHSgQFMRWcDTfbuCfSEBEBiKI/?a=1988&bti=ODszNWYuMDE6&&bt=1050&ft=-Csk_maLPD12NlvTtn-UxtvVhY9e3wv25ocAp&mime_type=video_mp4&rc=NjQ5ODU7ZjZlaTM8NGg7ZEBpM3E7dW85cm5sPDMzODczNEBjMTVhLy4wNjIxYDYyMi9gYSMwL2NhMmRzbi9hLS1kMWBzcw%3D%3D&expire=1788208067&l=202608300426455517DF5CACC5F1BC6E34&ply_type=2&policy=2&signature=cdafbef0266b7231019eef9ac6456bd0&tk=tt_chain_token&btag=e00048000:0
[   70671ms] [ERROR] Failed to load resource: the server responded with a status of 403 () @ https://v16-webapp-prime.tiktok.com/video/tos/alisg/tos-alisg-pve-0037c001/ogZRcQiIDPjglBWxgEfJAYgeXFQkIqBENn2RiG/?a=1988&bti=ODszNWYuMDE6&&bt=680&ft=-Csk_maLPD12NlvTtn-UxtvVhY9e3wv25ocAp&mime_type=video_mp4&rc=ZDk1ZTtlNjczNDdmZjk4OEBpanJ4N205cjs4PDMzODczNEBeYC9eNV4uNTUxYzAxMjViYSNxa2RoMmRrZDBhLS1kMWBzcw%3D%3D&expire=1788208058&l=202608300426455517DF5CACC5F1BC6E34&ply_type=2&policy=2&signature=ccc675c7c5026d794bcae1d2576887c8&tk=tt_chain_token&btag=e00048000:0
[   70672ms] [WARNING] [04:27:38.639][warn][demux.fetch][2](loaderId=7) PlayerError: NETWORK_FORBIDDEN
    at https://sf16-website-login.neutral.ttwstatic.com/obj/tiktok_web_login_static/tiktok/webapp/main/react-v18/webapp-desktop/static/js/async/58204.c99dc8a6.js:11:38475 @ https://sf16-website-login.neutral.ttwstatic.com/obj/tiktok_web_login_static/tiktok/webapp/main/react-v18/webapp-desktop/static/js/async/79936.7ef6faba.js:0
[   70672ms] [WARNING] [04:27:38.639][warn][multiplex][2] event.exception {code: 2103, message: NETWORK_FORBIDDEN} @ https://sf16-website-login.neutral.ttwstatic.com/obj/tiktok_web_login_static/tiktok/webapp/main/react-v18/webapp-desktop/static/js/async/79936.7ef6faba.js:0
[   70672ms] [ERROR] Failed to load resource: the server responded with a status of 403 () @ https://v16-webapp-prime.tiktok.com/video/tos/alisg/tos-alisg-pve-0037c001/oEubiXGoiaClXA9QYEAB9qaH0BEzvAMK0IJXj/?a=1988&bti=ODszNWYuMDE6&&bt=1461&ft=-Csk_maLPD12NlvTtn-UxtvVhY9e3wv25ocAp&mime_type=video_mp4&rc=aWRnNTo3NTtkNDc4ZTQ3N0BpM2RmZHc5cm5rOzMzODczNEA2Y2FjL2MvNWExYjY2XjQ2YSMzYmdrMmRrY3JhLS1kMWBzcw%3D%3D&expire=1788208150&l=202608300426455517DF5CACC5F1BC6E34&ply_type=2&policy=2&signature=c552d41b41dce10aede385a3def3ec3e&tk=tt_chain_token&btag=e00048000:0
[   70673ms] [WARNING] [04:27:38.640][warn][demux.fetch][3](loaderId=32) PlayerError: NETWORK_FORBIDDEN
    at https://sf16-website-login.neutral.ttwstatic.com/obj/tiktok_web_login_static/tiktok/webapp/main/react-v18/webapp-desktop/static/js/async/58204.c99dc8a6.js:11:38475 @ https://sf16-website-login.neutral.ttwstatic.com/obj/tiktok_web_login_static/tiktok/webapp/main/react-v18/webapp-desktop/static/js/async/79936.7ef6faba.js:0
[   70673ms] [WARNING] [04:27:38.640][warn][multiplex][3] event.exception {code: 2103, message: NETWORK_FORBIDDEN} @ https://sf16-website-login.neutral.ttwstatic.com/obj/tiktok_web_login_static/tiktok/webapp/main/react-v18/webapp-desktop/static/js/async/79936.7ef6faba.js:0
[   70733ms] [ERROR] Failed to load resource: the server responded with a status of 403 () @ https://v19-webapp-prime.tiktok.com/video/tos/alisg/tos-alisg-pve-0037c001/ogZRcQiIDPjglBWxgEfJAYgeXFQkIqBENn2RiG/?a=1988&bti=ODszNWYuMDE6&&bt=680&ft=-Csk_maLPD12NlvTtn-UxtvVhY9e3wv25ocAp&mime_type=video_mp4&rc=ZDk1ZTtlNjczNDdmZjk4OEBpanJ4N205cjs4PDMzODczNEBeYC9eNV4uNTUxYzAxMjViYSNxa2RoMmRrZDBhLS1kMWBzcw%3D%3D&expire=1788208058&l=202608300426455517DF5CACC5F1BC6E34&ply_type=2&policy=2&signature=ccc675c7c5026d794bcae1d2576887c8&tk=tt_chain_token&btag=e00048000:0
[   70733ms] [WARNING] [04:27:38.700][warn][demux.fetch][2](loaderId=7) PlayerError: NETWORK_FORBIDDEN
    at https://sf16-website-login.neutral.ttwstatic.com/obj/tiktok_web_login_static/tiktok/webapp/main/react-v18/webapp-desktop/static/js/async/58204.c99dc8a6.js:11:38475 @ https://sf16-website-login.neutral.ttwstatic.com/obj/tiktok_web_login_static/tiktok/webapp/main/react-v18/webapp-desktop/static/js/async/79936.7ef6faba.js:0
[   70733ms] [WARNING] [04:27:38.701][warn][multiplex][2] event.exception {code: 2103, message: NETWORK_FORBIDDEN} @ https://sf16-website-login.neutral.ttwstatic.com/obj/tiktok_web_login_static/tiktok/webapp/main/react-v18/webapp-desktop/static/js/async/79936.7ef6faba.js:0
[   70734ms] [ERROR] Failed to load resource: the server responded with a status of 403 () @ https://v19-webapp-prime.tiktok.com/video/tos/alisg/tos-alisg-pve-0037c001/oEubiXGoiaClXA9QYEAB9qaH0BEzvAMK0IJXj/?a=1988&bti=ODszNWYuMDE6&&bt=1461&ft=-Csk_maLPD12NlvTtn-UxtvVhY9e3wv25ocAp&mime_type=video_mp4&rc=aWRnNTo3NTtkNDc4ZTQ3N0BpM2RmZHc5cm5rOzMzODczNEA2Y2FjL2MvNWExYjY2XjQ2YSMzYmdrMmRrY3JhLS1kMWBzcw%3D%3D&expire=1788208150&l=202608300426455517DF5CACC5F1BC6E34&ply_type=2&policy=2&signature=c552d41b41dce10aede385a3def3ec3e&tk=tt_chain_token&btag=e00048000:0
[   70734ms] [WARNING] [04:27:38.702][warn][demux.fetch][3](loaderId=32) PlayerError: NETWORK_FORBIDDEN
    at https://sf16-website-login.neutral.ttwstatic.com/obj/tiktok_web_login_static/tiktok/webapp/main/react-v18/webapp-desktop/static/js/async/58204.c99dc8a6.js:11:38475 @ https://sf16-website-login.neutral.ttwstatic.com/obj/tiktok_web_login_static/tiktok/webapp/main/react-v18/webapp-desktop/static/js/async/79936.7ef6faba.js:0
[   70734ms] [WARNING] [04:27:38.702][warn][multiplex][3] event.exception {code: 2103, message: NETWORK_FORBIDDEN} @ https://sf16-website-login.neutral.ttwstatic.com/obj/tiktok_web_login_static/tiktok/webapp/main/react-v18/webapp-desktop/static/js/async/79936.7ef6faba.js:0
[   70956ms] [ERROR] Failed to load resource: the server responded with a status of 403 () @ https://v16-webapp-prime.tiktok.com/video/tos/alisg/tos-alisg-pve-0037c001/ogZRcQiIDPjglBWxgEfJAYgeXFQkIqBENn2RiG/?a=1988&bti=bGRuZHxvMXIxcm53Zm1cYF9ebWFzaHFmOg%3D%3D&&bt=680&ft=HAY7nvT4QtHUxynKptC6E4DjYlZcVTN1GbuN.c4q8Z4ka&mime_type=video_mp4&rc=ZDk1ZTtlNjczNDdmZjk4OEBpanJ4N205cjs4PDMzODczNEBeYC9eNV4uNTUxYzAxMjViYSNxa2RoMmRrZDBhLS1kMWBzcw%3D%3D&expire=1788056911&l=2026083004273899FA34E80D66F0AFCC31&ply_type=2&policy=2&signature=8ef26a2596388e386a504578bdc9c95e&tk=tt_chain_token&btag=e00048000:0
[   70956ms] [ERROR] [04:27:38.924][error][demux.fetch][2](loaderId=7) PlayerError: NETWORK_FORBIDDEN
    at https://sf16-website-login.neutral.ttwstatic.com/obj/tiktok_web_login_static/tiktok/webapp/main/react-v18/webapp-desktop/static/js/async/58204.c99dc8a6.js:11:38475 @ https://sf16-website-login.neutral.ttwstatic.com/obj/tiktok_web_login_static/tiktok/webapp/main/react-v18/webapp-desktop/static/js/webapp-desktop.4fb19bf6.js:0
[   70957ms] [WARNING] [04:27:38.924][warn][multiplex][2] multiplex downgrade: 2103 NETWORK_FORBIDDEN @ https://sf16-website-login.neutral.ttwstatic.com/obj/tiktok_web_login_static/tiktok/webapp/main/react-v18/webapp-desktop/static/js/async/79936.7ef6faba.js:0
[   70965ms] [ERROR] Failed to load resource: the server responded with a status of 403 () @ https://v16-webapp-prime.tiktok.com/video/tos/alisg/tos-alisg-pve-0037c001/oEubiXGoiaClXA9QYEAB9qaH0BEzvAMK0IJXj/?a=1988&bti=bGRuZHxvMXIxcm53Zm1cYF9ebWFzaHFmOg%3D%3D&&bt=1461&ft=HAY7nvT4QtHUxynKptC6E4DjYlZcVTN1GbuN.c4q8Z4ka&mime_type=video_mp4&rc=aWRnNTo3NTtkNDc4ZTQ3N0BpM2RmZHc5cm5rOzMzODczNEA2Y2FjL2MvNWExYjY2XjQ2YSMzYmdrMmRrY3JhLS1kMWBzcw%3D%3D&expire=1788057003&l=202608300427381F31490F26CBEFAD6045&ply_type=2&policy=2&signature=b37c6b85654a40905b4a259be94163d0&tk=tt_chain_token&btag=e00050000:0
[   70965ms] [ERROR] [04:27:38.932][error][demux.fetch][3](loaderId=32) PlayerError: NETWORK_FORBIDDEN
    at https://sf16-website-login.neutral.ttwstatic.com/obj/tiktok_web_login_static/tiktok/webapp/main/react-v18/webapp-desktop/static/js/async/58204.c99dc8a6.js:11:38475 @ https://sf16-website-login.neutral.ttwstatic.com/obj/tiktok_web_login_static/tiktok/webapp/main/react-v18/webapp-desktop/static/js/webapp-desktop.4fb19bf6.js:0
[   70965ms] [WARNING] [04:27:38.933][warn][multiplex][3] multiplex downgrade: 2103 NETWORK_FORBIDDEN @ https://sf16-website-login.neutral.ttwstatic.com/obj/tiktok_web_login_static/tiktok/webapp/main/react-v18/webapp-desktop/static/js/async/79936.7ef6faba.js:0
[   75602ms] [ERROR] Failed to load resource: the server responded with a status of 403 () @ https://v16-webapp-prime.tiktok.com/video/tos/alisg/tos-alisg-pve-0037c001/oo8jIISzeCJh0Ce3daCEEjfmAQW1DUAzbkM4VQ/?a=1988&bti=ODszNWYuMDE6&&bt=620&ft=-Csk_maLPD12NlvTtn-UxtvVhY9e3wv25ocAp&mime_type=video_mp4&rc=ODM6Zjk0aWdmNzQ1OjtlZEBpM2h5Omo5cmtzOzMzODczNEBiLy0yNGA1XzMxXmEzYTFgYSNzMXFfMmQ0aG9hLS1kMWBzcw%3D%3D&expire=1788208035&l=202608300426455517DF5CACC5F1BC6E34&ply_type=2&policy=2&signature=6e68f93aab6ee4c7fef02708ae7d6d47&tk=tt_chain_token&btag=e00048000:0
[   75603ms] [WARNING] [04:27:43.571][warn][preload.demux.fetch][0](loaderId=62) PlayerError: NETWORK_FORBIDDEN
    at https://sf16-website-login.neutral.ttwstatic.com/obj/tiktok_web_login_static/tiktok/webapp/main/react-v18/webapp-desktop/static/js/async/58204.c99dc8a6.js:11:38475 @ https://sf16-website-login.neutral.ttwstatic.com/obj/tiktok_web_login_static/tiktok/webapp/main/react-v18/webapp-desktop/static/js/async/79936.7ef6faba.js:0
[   75632ms] [ERROR] Failed to load resource: the server responded with a status of 403 () @ https://v19-webapp-prime.tiktok.com/video/tos/alisg/tos-alisg-pve-0037c001/oo8jIISzeCJh0Ce3daCEEjfmAQW1DUAzbkM4VQ/?a=1988&bti=ODszNWYuMDE6&&bt=620&ft=-Csk_maLPD12NlvTtn-UxtvVhY9e3wv25ocAp&mime_type=video_mp4&rc=ODM6Zjk0aWdmNzQ1OjtlZEBpM2h5Omo5cmtzOzMzODczNEBiLy0yNGA1XzMxXmEzYTFgYSNzMXFfMmQ0aG9hLS1kMWBzcw%3D%3D&expire=1788208035&l=202608300426455517DF5CACC5F1BC6E34&ply_type=2&policy=2&signature=6e68f93aab6ee4c7fef02708ae7d6d47&tk=tt_chain_token&btag=e00048000:0
[   75633ms] [WARNING] [04:27:43.600][warn][preload.demux.fetch][0](loaderId=62) PlayerError: NETWORK_FORBIDDEN
    at https://sf16-website-login.neutral.ttwstatic.com/obj/tiktok_web_login_static/tiktok/webapp/main/react-v18/webapp-desktop/static/js/async/58204.c99dc8a6.js:11:38475 @ https://sf16-website-login.neutral.ttwstatic.com/obj/tiktok_web_login_static/tiktok/webapp/main/react-v18/webapp-desktop/static/js/async/79936.7ef6faba.js:0
[   75801ms] [ERROR] Failed to load resource: the server responded with a status of 403 () @ https://v16-webapp-prime.tiktok.com/video/tos/alisg/tos-alisg-pve-0037c001/oo8jIISzeCJh0Ce3daCEEjfmAQW1DUAzbkM4VQ/?a=1988&bti=bGRuZHxvMXIxcm53Zm1cYF9ebWFzaHFmOg%3D%3D&&bt=620&ft=HAY7nvT4QtHUxynKptC6E4DjYl-cVTN1GbuN.c4q8Z4ka&mime_type=video_mp4&rc=ODM6Zjk0aWdmNzQ1OjtlZEBpM2h5Omo5cmtzOzMzODczNEBiLy0yNGA1XzMxXmEzYTFgYSNzMXFfMmQ0aG9hLS1kMWBzcw%3D%3D&expire=1788056893&l=2026083004274399FA34E80D66F0AFCDFF&ply_type=2&policy=2&signature=7e5cae8a5ab6201c5cab5b69734c8b68&tk=tt_chain_token&btag=e00048000:0
[   75802ms] [ERROR] [04:27:43.769][error][preload.demux.fetch][0](loaderId=62) PlayerError: NETWORK_FORBIDDEN
    at https://sf16-website-login.neutral.ttwstatic.com/obj/tiktok_web_login_static/tiktok/webapp/main/react-v18/webapp-desktop/static/js/async/58204.c99dc8a6.js:11:38475 @ https://sf16-website-login.neutral.ttwstatic.com/obj/tiktok_web_login_static/tiktok/webapp/main/react-v18/webapp-desktop/static/js/webapp-desktop.4fb19bf6.js:0
[   75802ms] [WARNING] [04:27:43.770][warn][preloader][1] event.error {code: 2103, message: NETWORK_FORBIDDEN} @ https://sf16-website-login.neutral.ttwstatic.com/obj/tiktok_web_login_static/tiktok/webapp/main/react-v18/webapp-desktop/static/js/async/79936.7ef6faba.js:0
[   75802ms] [ERROR] [Preloader_TT] onPreloaderError PlayerError: NETWORK_FORBIDDEN
    at x.$processErrorAndFallback (https://sf16-website-login.neutral.ttwstatic.com/obj/tiktok_web_login_static/tiktok/webapp/main/react-v18/webapp-desktop/static/js/async/58204.c99dc8a6.js:11:34882)
    at https://sf16-website-login.neutral.ttwstatic.com/obj/tiktok_web_login_static/tiktok/webapp/main/react-v18/webapp-desktop/static/js/async/58204.c99dc8a6.js:11:40960 @ https://sf16-website-login.neutral.ttwstatic.com/obj/tiktok_web_login_static/tiktok/webapp/main/react-v18/webapp-desktop/static/js/webapp-desktop.4fb19bf6.js:0
[   75842ms] [ERROR] Failed to load resource: the server responded with a status of 403 () @ https://v16-webapp-prime.tiktok.com/video/tos/alisg/tos-alisg-pve-0037c001/ocEIMu1AVwm8olKyBAITKGisbBQAcwf4ipC0Vp/?a=1988&bti=ODszNWYuMDE6&&bt=563&ft=-Csk_maLPD12NlvTtn-UxtvVhY9e3wv25ocAp&mime_type=video_mp4&rc=OzRnOmc4Ozw6ZGc7NTg8OkBpM2RrOHI5cmxkOzMzODczNEBgLjFeLTRgXmAxYmNhYzYyYSMyM19yMmRzYG1hLS1kMWBzcw%3D%3D&expire=1788208031&l=202608300426455517DF5CACC5F1BC6E34&ply_type=2&policy=2&signature=a08fba4b501372282061d3f6378cbd40&tk=tt_chain_token&btag=e000b8000:0
[   75843ms] [WARNING] [04:27:43.810][warn][preload.demux.fetch][0](loaderId=67) PlayerError: NETWORK_FORBIDDEN
    at https://sf16-website-login.neutral.ttwstatic.com/obj/tiktok_web_login_static/tiktok/webapp/main/react-v18/webapp-desktop/static/js/async/58204.c99dc8a6.js:11:38475 @ https://sf16-website-login.neutral.ttwstatic.com/obj/tiktok_web_login_static/tiktok/webapp/main/react-v18/webapp-desktop/static/js/async/79936.7ef6faba.js:0
[   75869ms] [ERROR] Failed to load resource: the server responded with a status of 403 () @ https://v19-webapp-prime.tiktok.com/video/tos/alisg/tos-alisg-pve-0037c001/ocEIMu1AVwm8olKyBAITKGisbBQAcwf4ipC0Vp/?a=1988&bti=ODszNWYuMDE6&&bt=563&ft=-Csk_maLPD12NlvTtn-UxtvVhY9e3wv25ocAp&mime_type=video_mp4&rc=OzRnOmc4Ozw6ZGc7NTg8OkBpM2RrOHI5cmxkOzMzODczNEBgLjFeLTRgXmAxYmNhYzYyYSMyM19yMmRzYG1hLS1kMWBzcw%3D%3D&expire=1788208031&l=202608300426455517DF5CACC5F1BC6E34&ply_type=2&policy=2&signature=a08fba4b501372282061d3f6378cbd40&tk=tt_chain_token&btag=e000b8000:0
[   75869ms] [WARNING] [04:27:43.837][warn][preload.demux.fetch][0](loaderId=67) PlayerError: NETWORK_FORBIDDEN
    at https://sf16-website-login.neutral.ttwstatic.com/obj/tiktok_web_login_static/tiktok/webapp/main/react-v18/webapp-desktop/static/js/async/58204.c99dc8a6.js:11:38475 @ https://sf16-website-login.neutral.ttwstatic.com/obj/tiktok_web_login_static/tiktok/webapp/main/react-v18/webapp-desktop/static/js/async/79936.7ef6faba.js:0
[   76042ms] [ERROR] Failed to load resource: the server responded with a status of 403 () @ https://v16-webapp-prime.tiktok.com/video/tos/alisg/tos-alisg-pve-0037c001/ocEIMu1AVwm8olKyBAITKGisbBQAcwf4ipC0Vp/?a=1988&bti=bGRuZHxvMXIxcm53Zm1cYF9ebWFzaHFmOg%3D%3D&&bt=563&ft=HAY7nvT4QtHUxynKptC6E4DjYl-cVTN1GbuN.c4q8Z4ka&mime_type=video_mp4&rc=OzRnOmc4Ozw6ZGc7NTg8OkBpM2RrOHI5cmxkOzMzODczNEBgLjFeLTRgXmAxYmNhYzYyYSMyM19yMmRzYG1hLS1kMWBzcw%3D%3D&expire=1788056889&l=20260830042743DA09D56453E3E4A6D618&ply_type=2&policy=2&signature=11d1706afd5310f2d4e5106541662e9c&tk=tt_chain_token&btag=e00078000:0
[   76043ms] [ERROR] [04:27:44.010][error][preload.demux.fetch][0](loaderId=67) PlayerError: NETWORK_FORBIDDEN
    at https://sf16-website-login.neutral.ttwstatic.com/obj/tiktok_web_login_static/tiktok/webapp/main/react-v18/webapp-desktop/static/js/async/58204.c99dc8a6.js:11:38475 @ https://sf16-website-login.neutral.ttwstatic.com/obj/tiktok_web_login_static/tiktok/webapp/main/react-v18/webapp-desktop/static/js/webapp-desktop.4fb19bf6.js:0
[   76043ms] [WARNING] [04:27:44.010][warn][preloader][1] event.error {code: 2103, message: NETWORK_FORBIDDEN} @ https://sf16-website-login.neutral.ttwstatic.com/obj/tiktok_web_login_static/tiktok/webapp/main/react-v18/webapp-desktop/static/js/async/79936.7ef6faba.js:0
[   76043ms] [ERROR] [Preloader_TT] onPreloaderError PlayerError: NETWORK_FORBIDDEN
    at x.$processErrorAndFallback (https://sf16-website-login.neutral.ttwstatic.com/obj/tiktok_web_login_static/tiktok/webapp/main/react-v18/webapp-desktop/static/js/async/58204.c99dc8a6.js:11:34882)
    at https://sf16-website-login.neutral.ttwstatic.com/obj/tiktok_web_login_static/tiktok/webapp/main/react-v18/webapp-desktop/static/js/async/58204.c99dc8a6.js:11:40960 @ https://sf16-website-login.neutral.ttwstatic.com/obj/tiktok_web_login_static/tiktok/webapp/main/react-v18/webapp-desktop/static/js/webapp-desktop.4fb19bf6.js:0
[   76082ms] [ERROR] Failed to load resource: the server responded with a status of 403 () @ https://v16-webapp-prime.tiktok.com/video/tos/alisg/tos-alisg-pve-0037c001/o8eHG27ADgCILCAEdeGX4UItRQLTD9javLMIxe/?a=1988&bti=ODszNWYuMDE6&&bt=759&ft=-Csk_maLPD12NlvTtn-UxtvVhY9e3wv25ocAp&mime_type=video_mp4&rc=aDkzMzZmNDNnOWk6ZzQ0aEBpM2VobXE5cnlxOzMzODczNEA2YzJjXjAvXi0xX18xX2BeYSNnL2w1MmRjaGVhLS1kMWBzcw%3D%3D&expire=1788208065&l=202608300426455517DF5CACC5F1BC6E34&ply_type=2&policy=2&signature=5bb5c580dccdab831c3cdfca3259f09d&tk=tt_chain_token&btag=e00048000:0
[   76082ms] [WARNING] [04:27:44.049][warn][preload.demux.fetch][0](loaderId=72) PlayerError: NETWORK_FORBIDDEN
    at https://sf16-website-login.neutral.ttwstatic.com/obj/tiktok_web_login_static/tiktok/webapp/main/react-v18/webapp-desktop/static/js/async/58204.c99dc8a6.js:11:38475 @ https://sf16-website-login.neutral.ttwstatic.com/obj/tiktok_web_login_static/tiktok/webapp/main/react-v18/webapp-desktop/static/js/async/79936.7ef6faba.js:0
[   76121ms] [ERROR] Failed to load resource: the server responded with a status of 403 () @ https://v19-webapp-prime.tiktok.com/video/tos/alisg/tos-alisg-pve-0037c001/o8eHG27ADgCILCAEdeGX4UItRQLTD9javLMIxe/?a=1988&bti=ODszNWYuMDE6&&bt=759&ft=-Csk_maLPD12NlvTtn-UxtvVhY9e3wv25ocAp&mime_type=video_mp4&rc=aDkzMzZmNDNnOWk6ZzQ0aEBpM2VobXE5cnlxOzMzODczNEA2YzJjXjAvXi0xX18xX2BeYSNnL2w1MmRjaGVhLS1kMWBzcw%3D%3D&expire=1788208065&l=202608300426455517DF5CACC5F1BC6E34&ply_type=2&policy=2&signature=5bb5c580dccdab831c3cdfca3259f09d&tk=tt_chain_token&btag=e00048000:0
[   76121ms] [WARNING] [04:27:44.088][warn][preload.demux.fetch][0](loaderId=72) PlayerError: NETWORK_FORBIDDEN
    at https://sf16-website-login.neutral.ttwstatic.com/obj/tiktok_web_login_static/tiktok/webapp/main/react-v18/webapp-desktop/static/js/async/58204.c99dc8a6.js:11:38475 @ https://sf16-website-login.neutral.ttwstatic.com/obj/tiktok_web_login_static/tiktok/webapp/main/react-v18/webapp-desktop/static/js/async/79936.7ef6faba.js:0
[   76296ms] [ERROR] Failed to load resource: the server responded with a status of 403 () @ https://v16-webapp-prime.tiktok.com/video/tos/alisg/tos-alisg-pve-0037c001/o8eHG27ADgCILCAEdeGX4UItRQLTD9javLMIxe/?a=1988&bti=bGRuZHxvMXIxcm53Zm1cYF9ebWFzaHFmOg%3D%3D&&bt=759&ft=HAY7nvT4QtHUxynKptC6E4DjYlbQVTN1GbuN.c4q8Z4ka&mime_type=video_mp4&rc=aDkzMzZmNDNnOWk6ZzQ0aEBpM2VobXE5cnlxOzMzODczNEA2YzJjXjAvXi0xX18xX2BeYSNnL2w1MmRjaGVhLS1kMWBzcw%3D%3D&expire=1788056924&l=20260830042744F58FE721F4F646B0D94B&ply_type=2&policy=2&signature=a4712902a4f08d2e5830e6e332773572&tk=tt_chain_token&btag=e00050000:0
[   76297ms] [ERROR] [04:27:44.264][error][preload.demux.fetch][0](loaderId=72) PlayerError: NETWORK_FORBIDDEN
    at https://sf16-website-login.neutral.ttwstatic.com/obj/tiktok_web_login_static/tiktok/webapp/main/react-v18/webapp-desktop/static/js/async/58204.c99dc8a6.js:11:38475 @ https://sf16-website-login.neutral.ttwstatic.com/obj/tiktok_web_login_static/tiktok/webapp/main/react-v18/webapp-desktop/static/js/webapp-desktop.4fb19bf6.js:0
[   76297ms] [WARNING] [04:27:44.264][warn][preloader][1] event.error {code: 2103, message: NETWORK_FORBIDDEN} @ https://sf16-website-login.neutral.ttwstatic.com/obj/tiktok_web_login_static/tiktok/webapp/main/react-v18/webapp-desktop/static/js/async/79936.7ef6faba.js:0
[   76297ms] [ERROR] [Preloader_TT] onPreloaderError PlayerError: NETWORK_FORBIDDEN
    at x.$processErrorAndFallback (https://sf16-website-login.neutral.ttwstatic.com/obj/tiktok_web_login_static/tiktok/webapp/main/react-v18/webapp-desktop/static/js/async/58204.c99dc8a6.js:11:34882)
    at https://sf16-website-login.neutral.ttwstatic.com/obj/tiktok_web_login_static/tiktok/webapp/main/react-v18/webapp-desktop/static/js/async/58204.c99dc8a6.js:11:40960 @ https://sf16-website-login.neutral.ttwstatic.com/obj/tiktok_web_login_static/tiktok/webapp/main/react-v18/webapp-desktop/static/js/webapp-desktop.4fb19bf6.js:0
[   76297ms] [WARNING] [04:27:44.265][warn][preloader][1] event.error {code: 5106, message: empty src is invalid} @ https://sf16-website-login.neutral.ttwstatic.com/obj/tiktok_web_login_static/tiktok/webapp/main/react-v18/webapp-desktop/static/js/async/79936.7ef6faba.js:0
[   76297ms] [ERROR] [Preloader_TT] onPreloaderError PlayerError: empty src is invalid
    at tD._preloadWithDemux (https://sf16-website-login.neutral.ttwstatic.com/obj/tiktok_web_login_static/tiktok/webapp/main/react-v18/webapp-desktop/static/js/async/58204.c99dc8a6.js:12:125558)
    at tD._preloadNextWithConfig (https://sf16-website-login.neutral.ttwstatic.com/obj/tiktok_web_login_static/tiktok/webapp/main/react-v18/webapp-desktop/static/js/async/58204.c99dc8a6.js:12:128192)
    at https://sf16-website-login.neutral.ttwstatic.com/obj/tiktok_web_login_static/tiktok/webapp/main/react-v18/webapp-desktop/static/js/async/58204.c99dc8a6.js:12:128539 @ https://sf16-website-login.neutral.ttwstatic.com/obj/tiktok_web_login_static/tiktok/webapp/main/react-v18/webapp-desktop/static/js/webapp-desktop.4fb19bf6.js:0
[  121362ms] [WARNING] The 'deprecatedStyle' prop is deprecated. Please use the associated style props instead (e.g. "marginInline", "flex") @ https://sf16-website-login.neutral.ttwstatic.com/obj/tiktok_web_login_static/tiktok/webapp/main/react-v18/webapp-desktop/static/js/async/16119.4be2579f.js:0
[  121440ms] [ERROR] Failed to load resource: the server responded with a status of 403 () @ https://v16-webapp-prime.tiktok.com/video/tos/alisg/tos-alisg-pve-0037c001/ocEIMu1AVwm8olKyBAITKGisbBQAcwf4ipC0Vp/?a=1988&bti=ODszNWYuMDE6&&bt=563&ft=-Csk_maLPD12NlvTtn-UxtvVhY9e3wv25ocAp&mime_type=video_mp4&rc=OzRnOmc4Ozw6ZGc7NTg8OkBpM2RrOHI5cmxkOzMzODczNEBgLjFeLTRgXmAxYmNhYzYyYSMyM19yMmRzYG1hLS1kMWBzcw%3D%3D&expire=1788208031&l=202608300426455517DF5CACC5F1BC6E34&ply_type=2&policy=2&signature=a08fba4b501372282061d3f6378cbd40&tk=tt_chain_token&btag=e000b8000:0
[  121442ms] [WARNING] [04:28:29.409][warn][preload.demux.fetch][0](loaderId=77) PlayerError: NETWORK_FORBIDDEN
    at https://sf16-website-login.neutral.ttwstatic.com/obj/tiktok_web_login_static/tiktok/webapp/main/react-v18/webapp-desktop/static/js/async/58204.c99dc8a6.js:11:38475 @ https://sf16-website-login.neutral.ttwstatic.com/obj/tiktok_web_login_static/tiktok/webapp/main/react-v18/webapp-desktop/static/js/async/79936.7ef6faba.js:0
[  121443ms] [ERROR] Failed to load resource: the server responded with a status of 403 () @ https://v16-webapp-prime.tiktok.com/video/tos/alisg/tos-alisg-pve-0037c001/oo8jIISzeCJh0Ce3daCEEjfmAQW1DUAzbkM4VQ/?a=1988&bti=ODszNWYuMDE6&&bt=620&ft=-Csk_maLPD12NlvTtn-UxtvVhY9e3wv25ocAp&mime_type=video_mp4&rc=ODM6Zjk0aWdmNzQ1OjtlZEBpM2h5Omo5cmtzOzMzODczNEBiLy0yNGA1XzMxXmEzYTFgYSNzMXFfMmQ0aG9hLS1kMWBzcw%3D%3D&expire=1788208035&l=202608300426455517DF5CACC5F1BC6E34&ply_type=2&policy=2&signature=6e68f93aab6ee4c7fef02708ae7d6d47&tk=tt_chain_token&btag=e00048000:0
[  121444ms] [WARNING] [04:28:29.411][warn][demux.fetch][2](loaderId=7) PlayerError: NETWORK_FORBIDDEN
    at https://sf16-website-login.neutral.ttwstatic.com/obj/tiktok_web_login_static/tiktok/webapp/main/react-v18/webapp-desktop/static/js/async/58204.c99dc8a6.js:11:38475 @ https://sf16-website-login.neutral.ttwstatic.com/obj/tiktok_web_login_static/tiktok/webapp/main/react-v18/webapp-desktop/static/js/async/79936.7ef6faba.js:0
[  121444ms] [WARNING] [04:28:29.411][warn][multiplex][2] event.exception {code: 2103, message: NETWORK_FORBIDDEN} @ https://sf16-website-login.neutral.ttwstatic.com/obj/tiktok_web_login_static/tiktok/webapp/main/react-v18/webapp-desktop/static/js/async/79936.7ef6faba.js:0
[  121526ms] [ERROR] Failed to load resource: the server responded with a status of 403 () @ https://v19-webapp-prime.tiktok.com/video/tos/alisg/tos-alisg-pve-0037c001/oo8jIISzeCJh0Ce3daCEEjfmAQW1DUAzbkM4VQ/?a=1988&bti=ODszNWYuMDE6&&bt=620&ft=-Csk_maLPD12NlvTtn-UxtvVhY9e3wv25ocAp&mime_type=video_mp4&rc=ODM6Zjk0aWdmNzQ1OjtlZEBpM2h5Omo5cmtzOzMzODczNEBiLy0yNGA1XzMxXmEzYTFgYSNzMXFfMmQ0aG9hLS1kMWBzcw%3D%3D&expire=1788208035&l=202608300426455517DF5CACC5F1BC6E34&ply_type=2&policy=2&signature=6e68f93aab6ee4c7fef02708ae7d6d47&tk=tt_chain_token&btag=e00048000:0
[  121526ms] [WARNING] [04:28:29.494][warn][demux.fetch][2](loaderId=7) PlayerError: NETWORK_FORBIDDEN
    at https://sf16-website-login.neutral.ttwstatic.com/obj/tiktok_web_login_static/tiktok/webapp/main/react-v18/webapp-desktop/static/js/async/58204.c99dc8a6.js:11:38475 @ https://sf16-website-login.neutral.ttwstatic.com/obj/tiktok_web_login_static/tiktok/webapp/main/react-v18/webapp-desktop/static/js/async/79936.7ef6faba.js:0
[  121527ms] [WARNING] [04:28:29.494][warn][multiplex][2] event.exception {code: 2103, message: NETWORK_FORBIDDEN} @ https://sf16-website-login.neutral.ttwstatic.com/obj/tiktok_web_login_static/tiktok/webapp/main/react-v18/webapp-desktop/static/js/async/79936.7ef6faba.js:0
[  121543ms] [ERROR] Failed to load resource: the server responded with a status of 403 () @ https://v19-webapp-prime.tiktok.com/video/tos/alisg/tos-alisg-pve-0037c001/ocEIMu1AVwm8olKyBAITKGisbBQAcwf4ipC0Vp/?a=1988&bti=ODszNWYuMDE6&&bt=563&ft=-Csk_maLPD12NlvTtn-UxtvVhY9e3wv25ocAp&mime_type=video_mp4&rc=OzRnOmc4Ozw6ZGc7NTg8OkBpM2RrOHI5cmxkOzMzODczNEBgLjFeLTRgXmAxYmNhYzYyYSMyM19yMmRzYG1hLS1kMWBzcw%3D%3D&expire=1788208031&l=202608300426455517DF5CACC5F1BC6E34&ply_type=2&policy=2&signature=a08fba4b501372282061d3f6378cbd40&tk=tt_chain_token&btag=e000b8000:0
[  121543ms] [WARNING] [04:28:29.511][warn][preload.demux.fetch][0](loaderId=77) PlayerError: NETWORK_FORBIDDEN
    at https://sf16-website-login.neutral.ttwstatic.com/obj/tiktok_web_login_static/tiktok/webapp/main/react-v18/webapp-desktop/static/js/async/58204.c99dc8a6.js:11:38475 @ https://sf16-website-login.neutral.ttwstatic.com/obj/tiktok_web_login_static/tiktok/webapp/main/react-v18/webapp-desktop/static/js/async/79936.7ef6faba.js:0
[  121748ms] [ERROR] Failed to load resource: the server responded with a status of 403 () @ https://v16-webapp-prime.tiktok.com/video/tos/alisg/tos-alisg-pve-0037c001/oo8jIISzeCJh0Ce3daCEEjfmAQW1DUAzbkM4VQ/?a=1988&bti=bGRuZHxvMXIxcm53Zm1cYF9ebWFzaHFmOg%3D%3D&&bt=620&ft=HAY7nvT4QtHUxynKptC6E4DjYlJQVTN1GbuN.c4q8Z4ka&mime_type=video_mp4&rc=ODM6Zjk0aWdmNzQ1OjtlZEBpM2h5Omo5cmtzOzMzODczNEBiLy0yNGA1XzMxXmEzYTFgYSNzMXFfMmQ0aG9hLS1kMWBzcw%3D%3D&expire=1788056939&l=202608300428298C0CD03A67B09492A32F&ply_type=2&policy=2&signature=790fcb2a9a51ee5599b67a999dcab286&tk=tt_chain_token&btag=e00048000:0
[  121749ms] [ERROR] [04:28:29.716][error][demux.fetch][2](loaderId=7) PlayerError: NETWORK_FORBIDDEN
    at https://sf16-website-login.neutral.ttwstatic.com/obj/tiktok_web_login_static/tiktok/webapp/main/react-v18/webapp-desktop/static/js/async/58204.c99dc8a6.js:11:38475 @ https://sf16-website-login.neutral.ttwstatic.com/obj/tiktok_web_login_static/tiktok/webapp/main/react-v18/webapp-desktop/static/js/webapp-desktop.4fb19bf6.js:0
[  121749ms] [WARNING] [04:28:29.716][warn][multiplex][2] multiplex downgrade: 2103 NETWORK_FORBIDDEN @ https://sf16-website-login.neutral.ttwstatic.com/obj/tiktok_web_login_static/tiktok/webapp/main/react-v18/webapp-desktop/static/js/async/79936.7ef6faba.js:0
[  124131ms] [WARNING] The 'deprecatedStyle' prop is deprecated. Please use the associated style props instead (e.g. "marginInline", "flex") @ https://sf16-website-login.neutral.ttwstatic.com/obj/tiktok_web_login_static/tiktok/webapp/main/react-v18/webapp-desktop/static/js/async/16119.4be2579f.js:0
[  124592ms] [WARNING] The 'deprecatedStyle' prop is deprecated. Please use the associated style props instead (e.g. "marginInline", "flex") @ https://sf16-website-login.neutral.ttwstatic.com/obj/tiktok_web_login_static/tiktok/webapp/main/react-v18/webapp-desktop/static/js/async/16119.4be2579f.js:0
[  124663ms] [ERROR] Failed to load resource: the server responded with a status of 403 () @ https://v16-webapp-prime.tiktok.com/video/tos/alisg/tos-alisg-pve-0037c001/o0uMBlfDUIzEROqEBudgpUebRBVA4Ek4FQECEg/?a=1988&bti=ODszNWYuMDE6&&bt=1189&ft=-Csk_maLPD12NlvTtn-UxtvVhY9e3wv25ocAp&mime_type=video_mp4&rc=NGdmZzRoOTs8PGY8aDM1M0BpM3hkPHM5cjN1PDMzODczNEAxMl80YDM1NWMxMjItMTVeYSNkYmZkMmRrZjVhLS1kMTFzcw%3D%3D&expire=1788208038&l=202608300426455517DF5CACC5F1BC6E34&ply_type=2&policy=2&signature=bfb5734ca688ac993302775a966bd6db&tk=tt_chain_token&btag=e00048000:0
[  124664ms] [WARNING] [04:28:32.631][warn][demux.fetch][1](loaderId=2) PlayerError: NETWORK_FORBIDDEN
    at https://sf16-website-login.neutral.ttwstatic.com/obj/tiktok_web_login_static/tiktok/webapp/main/react-v18/webapp-desktop/static/js/async/58204.c99dc8a6.js:11:38475 @ https://sf16-website-login.neutral.ttwstatic.com/obj/tiktok_web_login_static/tiktok/webapp/main/react-v18/webapp-desktop/static/js/async/79936.7ef6faba.js:0
[  124664ms] [WARNING] [04:28:32.631][warn][multiplex][1] event.exception {code: 2103, message: NETWORK_FORBIDDEN} @ https://sf16-website-login.neutral.ttwstatic.com/obj/tiktok_web_login_static/tiktok/webapp/main/react-v18/webapp-desktop/static/js/async/79936.7ef6faba.js:0
[  124725ms] [ERROR] Failed to load resource: the server responded with a status of 403 () @ https://v19-webapp-prime.tiktok.com/video/tos/alisg/tos-alisg-pve-0037c001/o0uMBlfDUIzEROqEBudgpUebRBVA4Ek4FQECEg/?a=1988&bti=ODszNWYuMDE6&&bt=1189&ft=-Csk_maLPD12NlvTtn-UxtvVhY9e3wv25ocAp&mime_type=video_mp4&rc=NGdmZzRoOTs8PGY8aDM1M0BpM3hkPHM5cjN1PDMzODczNEAxMl80YDM1NWMxMjItMTVeYSNkYmZkMmRrZjVhLS1kMTFzcw%3D%3D&expire=1788208038&l=202608300426455517DF5CACC5F1BC6E34&ply_type=2&policy=2&signature=bfb5734ca688ac993302775a966bd6db&tk=tt_chain_token&btag=e00048000:0
[  124726ms] [WARNING] [04:28:32.693][warn][demux.fetch][1](loaderId=2) PlayerError: NETWORK_FORBIDDEN
    at https://sf16-website-login.neutral.ttwstatic.com/obj/tiktok_web_login_static/tiktok/webapp/main/react-v18/webapp-desktop/static/js/async/58204.c99dc8a6.js:11:38475 @ https://sf16-website-login.neutral.ttwstatic.com/obj/tiktok_web_login_static/tiktok/webapp/main/react-v18/webapp-desktop/static/js/async/79936.7ef6faba.js:0
[  124726ms] [WARNING] [04:28:32.693][warn][multiplex][1] event.exception {code: 2103, message: NETWORK_FORBIDDEN} @ https://sf16-website-login.neutral.ttwstatic.com/obj/tiktok_web_login_static/tiktok/webapp/main/react-v18/webapp-desktop/static/js/async/79936.7ef6faba.js:0
[  124902ms] [ERROR] Failed to load resource: the server responded with a status of 403 () @ https://v16-webapp-prime.tiktok.com/video/tos/alisg/tos-alisg-pve-0037c001/o0uMBlfDUIzEROqEBudgpUebRBVA4Ek4FQECEg/?a=1988&bti=bGRuZHxvMXIxcm53Zm1cYF9ebWFzaHFmOg%3D%3D&&bt=1189&ft=HAY7nvT4QtHUxynKptC6E4DjYlsQVTN1GbuN.c4q8Z4ka&mime_type=video_mp4&rc=NGdmZzRoOTs8PGY8aDM1M0BpM3hkPHM5cjN1PDMzODczNEAxMl80YDM1NWMxMjItMTVeYSNkYmZkMmRrZjVhLS1kMTFzcw%3D%3D&expire=1788056945&l=20260830042832B8453C9A9B958D91193F&ply_type=2&policy=2&signature=0f04fb3b094cb425cd35e0e10e5bdec4&tk=tt_chain_token&btag=e00048000:0
[  124903ms] [ERROR] [04:28:32.870][error][demux.fetch][1](loaderId=2) PlayerError: NETWORK_FORBIDDEN
    at https://sf16-website-login.neutral.ttwstatic.com/obj/tiktok_web_login_static/tiktok/webapp/main/react-v18/webapp-desktop/static/js/async/58204.c99dc8a6.js:11:38475 @ https://sf16-website-login.neutral.ttwstatic.com/obj/tiktok_web_login_static/tiktok/webapp/main/react-v18/webapp-desktop/static/js/webapp-desktop.4fb19bf6.js:0
[  124903ms] [WARNING] [04:28:32.871][warn][multiplex][1] multiplex downgrade: 2103 NETWORK_FORBIDDEN @ https://sf16-website-login.neutral.ttwstatic.com/obj/tiktok_web_login_static/tiktok/webapp/main/react-v18/webapp-desktop/static/js/async/79936.7ef6faba.js:0
[  124905ms] [WARNING] [04:28:32.872][warn][controller][1] AbortError: The play() request was interrupted by a new load request. https://goo.gl/LdLk22 @ https://sf16-website-login.neutral.ttwstatic.com/obj/tiktok_web_login_static/tiktok/webapp/main/react-v18/webapp-desktop/static/js/async/79936.7ef6faba.js:0
[  124905ms] [WARNING] [04:28:32.872][warn][controller][1] AbortError: The play() request was interrupted by a new load request. https://goo.gl/LdLk22 @ https://sf16-website-login.neutral.ttwstatic.com/obj/tiktok_web_login_static/tiktok/webapp/main/react-v18/webapp-desktop/static/js/async/79936.7ef6faba.js:0
[  125262ms] [WARNING] The 'deprecatedStyle' prop is deprecated. Please use the associated style props instead (e.g. "marginInline", "flex") @ https://sf16-website-login.neutral.ttwstatic.com/obj/tiktok_web_login_static/tiktok/webapp/main/react-v18/webapp-desktop/static/js/async/16119.4be2579f.js:0
[  125296ms] [WARNING] [04:28:33.264][warn][multiplex][1] AbortError: The play() request was interrupted by a call to pause(). https://goo.gl/LdLk22 @ https://sf16-website-login.neutral.ttwstatic.com/obj/tiktok_web_login_static/tiktok/webapp/main/react-v18/webapp-desktop/static/js/async/79936.7ef6faba.js:0
[  125329ms] [WARNING] The 'deprecatedStyle' prop is deprecated. Please use the associated style props instead (e.g. "marginInline", "flex") @ https://sf16-website-login.neutral.ttwstatic.com/obj/tiktok_web_login_static/tiktok/webapp/main/react-v18/webapp-desktop/static/js/async/16119.4be2579f.js:0
[  125367ms] [WARNING] [04:28:33.334][warn][controller][1] AbortError: The play() request was interrupted by a call to pause(). https://goo.gl/LdLk22 @ https://sf16-website-login.neutral.ttwstatic.com/obj/tiktok_web_login_static/tiktok/webapp/main/react-v18/webapp-desktop/static/js/async/79936.7ef6faba.js:0
[  125367ms] [WARNING] [04:28:33.335][warn][controller][1] AbortError: The play() request was interrupted by a call to pause(). https://goo.gl/LdLk22 @ https://sf16-website-login.neutral.ttwstatic.com/obj/tiktok_web_login_static/tiktok/webapp/main/react-v18/webapp-desktop/static/js/async/79936.7ef6faba.js:0
[  126370ms] [WARNING] The 'deprecatedStyle' prop is deprecated. Please use the associated style props instead (e.g. "marginInline", "flex") @ https://sf16-website-login.neutral.ttwstatic.com/obj/tiktok_web_login_static/tiktok/webapp/main/react-v18/webapp-desktop/static/js/async/16119.4be2579f.js:0
[  128028ms] [WARNING] The 'deprecatedStyle' prop is deprecated. Please use the associated style props instead (e.g. "marginInline", "flex") @ https://sf16-website-login.neutral.ttwstatic.com/obj/tiktok_web_login_static/tiktok/webapp/main/react-v18/webapp-desktop/static/js/async/16119.4be2579f.js:0
[  128137ms] [ERROR] Failed to load resource: the server responded with a status of 403 () @ https://v16-webapp-prime.tiktok.com/video/tos/alisg/tos-alisg-pve-0037c001/oo8jIISzeCJh0Ce3daCEEjfmAQW1DUAzbkM4VQ/?a=1988&bti=ODszNWYuMDE6&&bt=620&ft=-Csk_maLPD12NlvTtn-UxtvVhY9e3wv25ocAp&mime_type=video_mp4&rc=ODM6Zjk0aWdmNzQ1OjtlZEBpM2h5Omo5cmtzOzMzODczNEBiLy0yNGA1XzMxXmEzYTFgYSNzMXFfMmQ0aG9hLS1kMWBzcw%3D%3D&expire=1788208035&l=202608300426455517DF5CACC5F1BC6E34&ply_type=2&policy=2&signature=6e68f93aab6ee4c7fef02708ae7d6d47&tk=tt_chain_token&btag=e00048000:0
[  128387ms] [ERROR] Failed to load resource: the server responded with a status of 403 () @ https://v16-webapp-prime.tiktok.com/video/tos/alisg/tos-alisg-pve-0037c001/ocEIMu1AVwm8olKyBAITKGisbBQAcwf4ipC0Vp/?a=1988&bti=bGRuZHxvMXIxcm53Zm1cYF9ebWFzaHFmOg%3D%3D&&bt=563&ft=HAY7nvT4QtHUxynKptC6E4DjYlvQVTN1GbuN.c4q8Z4ka&mime_type=video_mp4&rc=OzRnOmc4Ozw6ZGc7NTg8OkBpM2RrOHI5cmxkOzMzODczNEBgLjFeLTRgXmAxYmNhYzYyYSMyM19yMmRzYG1hLS1kMWBzcw%3D%3D&expire=1788056942&l=202608300428364CEA0FDFC596158C463E&ply_type=2&policy=2&signature=928ef9791d14f1e65bbd507290b451cd&tk=tt_chain_token&btag=e00078000:0
[  128388ms] [ERROR] [04:28:36.355][error][fetch][1](loaderId=77) PlayerError: NETWORK_FORBIDDEN
    at https://sf16-website-login.neutral.ttwstatic.com/obj/tiktok_web_login_static/tiktok/webapp/main/react-v18/webapp-desktop/static/js/async/58204.c99dc8a6.js:11:38475 @ https://sf16-website-login.neutral.ttwstatic.com/obj/tiktok_web_login_static/tiktok/webapp/main/react-v18/webapp-desktop/static/js/webapp-desktop.4fb19bf6.js:0
[  128388ms] [WARNING] [04:28:36.355][warn][multiplex][1] multiplex downgrade: 2103 NETWORK_FORBIDDEN @ https://sf16-website-login.neutral.ttwstatic.com/obj/tiktok_web_login_static/tiktok/webapp/main/react-v18/webapp-desktop/static/js/async/79936.7ef6faba.js:0
[  133217ms] [ERROR] Failed to load resource: the server responded with a status of 403 () @ https://v16-webapp-prime.tiktok.com/video/tos/alisg/tos-alisg-pve-0037c001/o8eHG27ADgCILCAEdeGX4UItRQLTD9javLMIxe/?a=1988&bti=ODszNWYuMDE6&&bt=759&ft=-Csk_maLPD12NlvTtn-UxtvVhY9e3wv25ocAp&mime_type=video_mp4&rc=aDkzMzZmNDNnOWk6ZzQ0aEBpM2VobXE5cnlxOzMzODczNEA2YzJjXjAvXi0xX18xX2BeYSNnL2w1MmRjaGVhLS1kMWBzcw%3D%3D&expire=1788208065&l=202608300426455517DF5CACC5F1BC6E34&ply_type=2&policy=2&signature=5bb5c580dccdab831c3cdfca3259f09d&tk=tt_chain_token&btag=e00048000:0
[  133218ms] [WARNING] [04:28:41.185][warn][preload.demux.fetch][0](loaderId=82) PlayerError: NETWORK_FORBIDDEN
    at https://sf16-website-login.neutral.ttwstatic.com/obj/tiktok_web_login_static/tiktok/webapp/main/react-v18/webapp-desktop/static/js/async/58204.c99dc8a6.js:11:38475 @ https://sf16-website-login.neutral.ttwstatic.com/obj/tiktok_web_login_static/tiktok/webapp/main/react-v18/webapp-desktop/static/js/async/79936.7ef6faba.js:0
[  133257ms] [ERROR] Failed to load resource: the server responded with a status of 403 () @ https://v19-webapp-prime.tiktok.com/video/tos/alisg/tos-alisg-pve-0037c001/o8eHG27ADgCILCAEdeGX4UItRQLTD9javLMIxe/?a=1988&bti=ODszNWYuMDE6&&bt=759&ft=-Csk_maLPD12NlvTtn-UxtvVhY9e3wv25ocAp&mime_type=video_mp4&rc=aDkzMzZmNDNnOWk6ZzQ0aEBpM2VobXE5cnlxOzMzODczNEA2YzJjXjAvXi0xX18xX2BeYSNnL2w1MmRjaGVhLS1kMWBzcw%3D%3D&expire=1788208065&l=202608300426455517DF5CACC5F1BC6E34&ply_type=2&policy=2&signature=5bb5c580dccdab831c3cdfca3259f09d&tk=tt_chain_token&btag=e00048000:0
[  133258ms] [WARNING] [04:28:41.225][warn][preload.demux.fetch][0](loaderId=82) PlayerError: NETWORK_FORBIDDEN
    at https://sf16-website-login.neutral.ttwstatic.com/obj/tiktok_web_login_static/tiktok/webapp/main/react-v18/webapp-desktop/static/js/async/58204.c99dc8a6.js:11:38475 @ https://sf16-website-login.neutral.ttwstatic.com/obj/tiktok_web_login_static/tiktok/webapp/main/react-v18/webapp-desktop/static/js/async/79936.7ef6faba.js:0
[  133454ms] [ERROR] Failed to load resource: the server responded with a status of 403 () @ https://v16-webapp-prime.tiktok.com/video/tos/alisg/tos-alisg-pve-0037c001/o8eHG27ADgCILCAEdeGX4UItRQLTD9javLMIxe/?a=1988&bti=bGRuZHxvMXIxcm53Zm1cYF9ebWFzaHFmOg%3D%3D&&bt=759&ft=HAY7nvT4QtHUxynKptC6E4DjYlpQVTN1GbuN.c4q8Z4ka&mime_type=video_mp4&rc=aDkzMzZmNDNnOWk6ZzQ0aEBpM2VobXE5cnlxOzMzODczNEA2YzJjXjAvXi0xX18xX2BeYSNnL2w1MmRjaGVhLS1kMWBzcw%3D%3D&expire=1788056981&l=202608300428413A75152B994F0088CD03&ply_type=2&policy=2&signature=17844a16561f30084c512a66b67bc27f&tk=tt_chain_token&btag=e00050000:0
[  133454ms] [ERROR] [04:28:41.422][error][preload.demux.fetch][0](loaderId=82) PlayerError: NETWORK_FORBIDDEN
    at https://sf16-website-login.neutral.ttwstatic.com/obj/tiktok_web_login_static/tiktok/webapp/main/react-v18/webapp-desktop/static/js/async/58204.c99dc8a6.js:11:38475 @ https://sf16-website-login.neutral.ttwstatic.com/obj/tiktok_web_login_static/tiktok/webapp/main/react-v18/webapp-desktop/static/js/webapp-desktop.4fb19bf6.js:0
[  133455ms] [WARNING] [04:28:41.422][warn][preloader][1] event.error {code: 2103, message: NETWORK_FORBIDDEN} @ https://sf16-website-login.neutral.ttwstatic.com/obj/tiktok_web_login_static/tiktok/webapp/main/react-v18/webapp-desktop/static/js/async/79936.7ef6faba.js:0
[  133455ms] [ERROR] [Preloader_TT] onPreloaderError PlayerError: NETWORK_FORBIDDEN
    at x.$processErrorAndFallback (https://sf16-website-login.neutral.ttwstatic.com/obj/tiktok_web_login_static/tiktok/webapp/main/react-v18/webapp-desktop/static/js/async/58204.c99dc8a6.js:11:34882)
    at https://sf16-website-login.neutral.ttwstatic.com/obj/tiktok_web_login_static/tiktok/webapp/main/react-v18/webapp-desktop/static/js/async/58204.c99dc8a6.js:11:40960 @ https://sf16-website-login.neutral.ttwstatic.com/obj/tiktok_web_login_static/tiktok/webapp/main/react-v18/webapp-desktop/static/js/webapp-desktop.4fb19bf6.js:0
[  133456ms] [WARNING] [04:28:41.423][warn][preloader][1] event.error {code: 5106, message: empty src is invalid} @ https://sf16-website-login.neutral.ttwstatic.com/obj/tiktok_web_login_static/tiktok/webapp/main/react-v18/webapp-desktop/static/js/async/79936.7ef6faba.js:0
[  133456ms] [ERROR] [Preloader_TT] onPreloaderError PlayerError: empty src is invalid
    at tD._preloadWithDemux (https://sf16-website-login.neutral.ttwstatic.com/obj/tiktok_web_login_static/tiktok/webapp/main/react-v18/webapp-desktop/static/js/async/58204.c99dc8a6.js:12:125558)
    at tD._preloadNextWithConfig (https://sf16-website-login.neutral.ttwstatic.com/obj/tiktok_web_login_static/tiktok/webapp/main/react-v18/webapp-desktop/static/js/async/58204.c99dc8a6.js:12:128192)
    at https://sf16-website-login.neutral.ttwstatic.com/obj/tiktok_web_login_static/tiktok/webapp/main/react-v18/webapp-desktop/static/js/async/58204.c99dc8a6.js:12:128539 @ https://sf16-website-login.neutral.ttwstatic.com/obj/tiktok_web_login_static/tiktok/webapp/main/react-v18/webapp-desktop/static/js/webapp-desktop.4fb19bf6.js:0
[  133698ms] [WARNING] [04:28:41.666][warn][preloader][1] event.error {code: 5106, message: empty src is invalid} @ https://sf16-website-login.neutral.ttwstatic.com/obj/tiktok_web_login_static/tiktok/webapp/main/react-v18/webapp-desktop/static/js/async/79936.7ef6faba.js:0
[  133699ms] [ERROR] [Preloader_TT] onPreloaderError PlayerError: empty src is invalid
    at tD._preloadWithDemux (https://sf16-website-login.neutral.ttwstatic.com/obj/tiktok_web_login_static/tiktok/webapp/main/react-v18/webapp-desktop/static/js/async/58204.c99dc8a6.js:12:125558)
    at tD._preloadNextWithConfig (https://sf16-website-login.neutral.ttwstatic.com/obj/tiktok_web_login_static/tiktok/webapp/main/react-v18/webapp-desktop/static/js/async/58204.c99dc8a6.js:12:128192)
    at https://sf16-website-login.neutral.ttwstatic.com/obj/tiktok_web_login_static/tiktok/webapp/main/react-v18/webapp-desktop/static/js/async/58204.c99dc8a6.js:12:128539 @ https://sf16-website-login.neutral.ttwstatic.com/obj/tiktok_web_login_static/tiktok/webapp/main/react-v18/webapp-desktop/static/js/webapp-desktop.4fb19bf6.js:0
[  134003ms] [ERROR] Failed to load resource: the server responded with a status of 403 () @ https://v16-webapp-prime.tiktok.com/video/tos/alisg/tos-alisg-ve-0068c800-sg/okHDhHUbQ9jeESaIFfAYkIEDJAF4EEACI7fiao/?a=1988&bti=ODszNWYuMDE6&&bt=922&ft=-Csk_maLPD12NFvTtn-UxiZvhY9e3wv25icAp&mime_type=video_mp4&rc=NjtnZGhoNzNpaDZlZDVmM0BpM3g1bW45cm55OzMzODczNEBgMzY1L2EwNTAxXi02Yl8yYSMxLWIzMmRrMDFhLS1kMWBzcw%3D%3D&expire=1788208069&l=20260830042647A23972F5584E54BD69FE&ply_type=2&policy=2&signature=16d1640574a3f8070e3a2eac4c9e1c83&tk=tt_chain_token&btag=e00088000:0
[  134004ms] [WARNING] [04:28:41.971][warn][preload.demux.fetch][0](loaderId=87) PlayerError: NETWORK_FORBIDDEN
    at https://sf16-website-login.neutral.ttwstatic.com/obj/tiktok_web_login_static/tiktok/webapp/main/react-v18/webapp-desktop/static/js/async/58204.c99dc8a6.js:11:38475 @ https://sf16-website-login.neutral.ttwstatic.com/obj/tiktok_web_login_static/tiktok/webapp/main/react-v18/webapp-desktop/static/js/async/79936.7ef6faba.js:0
[  134067ms] [ERROR] Failed to load resource: the server responded with a status of 403 () @ https://v19-webapp-prime.tiktok.com/video/tos/alisg/tos-alisg-ve-0068c800-sg/okHDhHUbQ9jeESaIFfAYkIEDJAF4EEACI7fiao/?a=1988&bti=ODszNWYuMDE6&&bt=922&ft=-Csk_maLPD12NFvTtn-UxiZvhY9e3wv25icAp&mime_type=video_mp4&rc=NjtnZGhoNzNpaDZlZDVmM0BpM3g1bW45cm55OzMzODczNEBgMzY1L2EwNTAxXi02Yl8yYSMxLWIzMmRrMDFhLS1kMWBzcw%3D%3D&expire=1788208069&l=20260830042647A23972F5584E54BD69FE&ply_type=2&policy=2&signature=16d1640574a3f8070e3a2eac4c9e1c83&tk=tt_chain_token&btag=e00088000:0
[  134067ms] [WARNING] [04:28:42.034][warn][preload.demux.fetch][0](loaderId=87) PlayerError: NETWORK_FORBIDDEN
    at https://sf16-website-login.neutral.ttwstatic.com/obj/tiktok_web_login_static/tiktok/webapp/main/react-v18/webapp-desktop/static/js/async/58204.c99dc8a6.js:11:38475 @ https://sf16-website-login.neutral.ttwstatic.com/obj/tiktok_web_login_static/tiktok/webapp/main/react-v18/webapp-desktop/static/js/async/79936.7ef6faba.js:0
[  134236ms] [ERROR] Failed to load resource: the server responded with a status of 403 () @ https://v16-webapp-prime.tiktok.com/video/tos/alisg/tos-alisg-ve-0068c800-sg/okHDhHUbQ9jeESaIFfAYkIEDJAF4EEACI7fiao/?a=1988&bti=bGRuZHxvMXIxcm53Zm1cYF9ebWFzaHFmOg%3D%3D&&bt=922&ft=HAY7nvT4QtHUxynKptC6E4DjYlZQVTN1GbuN.c4q8Z4ka&mime_type=video_mp4&rc=NjtnZGhoNzNpaDZlZDVmM0BpM3g1bW45cm55OzMzODczNEBgMzY1L2EwNTAxXi02Yl8yYSMxLWIzMmRrMDFhLS1kMWBzcw%3D%3D&expire=1788056984&l=20260830042842CCB321BAC00FCC94AFD3&ply_type=2&policy=2&signature=3cbcd31b40a5356cc75024ca42e8cc3e&tk=tt_chain_token&btag=e00090000:0
[  134237ms] [ERROR] [04:28:42.204][error][preload.demux.fetch][0](loaderId=87) PlayerError: NETWORK_FORBIDDEN
    at https://sf16-website-login.neutral.ttwstatic.com/obj/tiktok_web_login_static/tiktok/webapp/main/react-v18/webapp-desktop/static/js/async/58204.c99dc8a6.js:11:38475 @ https://sf16-website-login.neutral.ttwstatic.com/obj/tiktok_web_login_static/tiktok/webapp/main/react-v18/webapp-desktop/static/js/webapp-desktop.4fb19bf6.js:0
[  134237ms] [WARNING] [04:28:42.204][warn][preloader][1] event.error {code: 2103, message: NETWORK_FORBIDDEN} @ https://sf16-website-login.neutral.ttwstatic.com/obj/tiktok_web_login_static/tiktok/webapp/main/react-v18/webapp-desktop/static/js/async/79936.7ef6faba.js:0
[  134237ms] [ERROR] [Preloader_TT] onPreloaderError PlayerError: NETWORK_FORBIDDEN
    at x.$processErrorAndFallback (https://sf16-website-login.neutral.ttwstatic.com/obj/tiktok_web_login_static/tiktok/webapp/main/react-v18/webapp-desktop/static/js/async/58204.c99dc8a6.js:11:34882)
    at https://sf16-website-login.neutral.ttwstatic.com/obj/tiktok_web_login_static/tiktok/webapp/main/react-v18/webapp-desktop/static/js/async/58204.c99dc8a6.js:11:40960 @ https://sf16-website-login.neutral.ttwstatic.com/obj/tiktok_web_login_static/tiktok/webapp/main/react-v18/webapp-desktop/static/js/webapp-desktop.4fb19bf6.js:0
[  145830ms] [WARNING] The 'deprecatedStyle' prop is deprecated. Please use the associated style props instead (e.g. "marginInline", "flex") @ https://sf16-website-login.neutral.ttwstatic.com/obj/tiktok_web_login_static/tiktok/webapp/main/react-v18/webapp-desktop/static/js/async/16119.4be2579f.js:0
[  146207ms] [WARNING] The 'deprecatedStyle' prop is deprecated. Please use the associated style props instead (e.g. "marginInline", "flex") @ https://sf16-website-login.neutral.ttwstatic.com/obj/tiktok_web_login_static/tiktok/webapp/main/react-v18/webapp-desktop/static/js/async/16119.4be2579f.js:0
[  146264ms] [WARNING] The 'deprecatedStyle' prop is deprecated. Please use the associated style props instead (e.g. "marginInline", "flex") @ https://sf16-website-login.neutral.ttwstatic.com/obj/tiktok_web_login_static/tiktok/webapp/main/react-v18/webapp-desktop/static/js/async/16119.4be2579f.js:0
[  146393ms] [ERROR] Failed to load resource: the server responded with a status of 403 () @ https://v16-webapp-prime.tiktok.com/video/tos/alisg/tos-alisg-pve-0037c001/oUeA2CEaLwDIjfAZQLw9FuzDfyog7UIIS9QNkh/?a=1988&bti=ODszNWYuMDE6&&bt=958&ft=-Csk_maLPD12NlvTtn-UxtvVhY9e3wv25ocAp&mime_type=video_mp4&rc=aDlmZzM7Zjs5OjtpNGhnPEBpamZ1dnM5cjZ0PDMzODczNEAwNl41XjAxXzUxLS5hYGM1YSNxcWcvMmRjNXBhLS1kMTFzcw%3D%3D&expire=1788208042&l=202608300426455517DF5CACC5F1BC6E34&ply_type=2&policy=2&signature=2a439a0516e1750b08bdfa0528f88b58&tk=tt_chain_token&btag=e00048000:0
[  146393ms] [WARNING] [04:28:54.361][warn][fetch][1](loaderId=77) PlayerError: NETWORK_FORBIDDEN
    at https://sf16-website-login.neutral.ttwstatic.com/obj/tiktok_web_login_static/tiktok/webapp/main/react-v18/webapp-desktop/static/js/async/58204.c99dc8a6.js:11:38475 @ https://sf16-website-login.neutral.ttwstatic.com/obj/tiktok_web_login_static/tiktok/webapp/main/react-v18/webapp-desktop/static/js/async/79936.7ef6faba.js:0
[  146393ms] [WARNING] [04:28:54.361][warn][multiplex][1] event.exception {code: 2103, message: NETWORK_FORBIDDEN} @ https://sf16-website-login.neutral.ttwstatic.com/obj/tiktok_web_login_static/tiktok/webapp/main/react-v18/webapp-desktop/static/js/async/79936.7ef6faba.js:0
[  146437ms] [ERROR] Failed to load resource: the server responded with a status of 403 () @ https://v19-webapp-prime.tiktok.com/video/tos/alisg/tos-alisg-pve-0037c001/oUeA2CEaLwDIjfAZQLw9FuzDfyog7UIIS9QNkh/?a=1988&bti=ODszNWYuMDE6&&bt=958&ft=-Csk_maLPD12NlvTtn-UxtvVhY9e3wv25ocAp&mime_type=video_mp4&rc=aDlmZzM7Zjs5OjtpNGhnPEBpamZ1dnM5cjZ0PDMzODczNEAwNl41XjAxXzUxLS5hYGM1YSNxcWcvMmRjNXBhLS1kMTFzcw%3D%3D&expire=1788208042&l=202608300426455517DF5CACC5F1BC6E34&ply_type=2&policy=2&signature=2a439a0516e1750b08bdfa0528f88b58&tk=tt_chain_token&btag=e00048000:0
[  146437ms] [WARNING] [04:28:54.405][warn][fetch][1](loaderId=77) PlayerError: NETWORK_FORBIDDEN
    at https://sf16-website-login.neutral.ttwstatic.com/obj/tiktok_web_login_static/tiktok/webapp/main/react-v18/webapp-desktop/static/js/async/58204.c99dc8a6.js:11:38475 @ https://sf16-website-login.neutral.ttwstatic.com/obj/tiktok_web_login_static/tiktok/webapp/main/react-v18/webapp-desktop/static/js/async/79936.7ef6faba.js:0
[  146437ms] [WARNING] [04:28:54.405][warn][multiplex][1] event.exception {code: 2103, message: NETWORK_FORBIDDEN} @ https://sf16-website-login.neutral.ttwstatic.com/obj/tiktok_web_login_static/tiktok/webapp/main/react-v18/webapp-desktop/static/js/async/79936.7ef6faba.js:0
[  146604ms] [ERROR] Failed to load resource: the server responded with a status of 403 () @ https://v16-webapp-prime.tiktok.com/video/tos/alisg/tos-alisg-pve-0037c001/oUeA2CEaLwDIjfAZQLw9FuzDfyog7UIIS9QNkh/?a=1988&bti=bGRuZHxvMXIxcm53Zm1cYF9ebWFzaHFmOg%3D%3D&&bt=958&ft=HAY7nvT4QtHUxynKptC6E4DjYlEgVTN1GbuN.c4q8Z4ka&mime_type=video_mp4&rc=aDlmZzM7Zjs5OjtpNGhnPEBpamZ1dnM5cjZ0PDMzODczNEAwNl41XjAxXzUxLS5hYGM1YSNxcWcvMmRjNXBhLS1kMTFzcw%3D%3D&expire=1788056971&l=20260830042854B8453C9A9B958D91201B&ply_type=2&policy=2&signature=9722e37cca9864744899aba92ce26fe1&tk=tt_chain_token&btag=e00088000:0
[  146604ms] [ERROR] [04:28:54.571][error][fetch][1](loaderId=77) PlayerError: NETWORK_FORBIDDEN
    at https://sf16-website-login.neutral.ttwstatic.com/obj/tiktok_web_login_static/tiktok/webapp/main/react-v18/webapp-desktop/static/js/async/58204.c99dc8a6.js:11:38475 @ https://sf16-website-login.neutral.ttwstatic.com/obj/tiktok_web_login_static/tiktok/webapp/main/react-v18/webapp-desktop/static/js/webapp-desktop.4fb19bf6.js:0
[  146604ms] [WARNING] [04:28:54.572][warn][multiplex][1] multiplex downgrade: 2103 NETWORK_FORBIDDEN @ https://sf16-website-login.neutral.ttwstatic.com/obj/tiktok_web_login_static/tiktok/webapp/main/react-v18/webapp-desktop/static/js/async/79936.7ef6faba.js:0
[  146605ms] [WARNING] [04:28:54.572][warn][controller][1] AbortError: The play() request was interrupted by a new load request. https://goo.gl/LdLk22 @ https://sf16-website-login.neutral.ttwstatic.com/obj/tiktok_web_login_static/tiktok/webapp/main/react-v18/webapp-desktop/static/js/async/79936.7ef6faba.js:0
[  151959ms] [WARNING] A speculation rule set was inserted into the document but will be ignored. This might happen, for example, if it was previously inserted into another document, or if it was created using the innerHTML setter. @ https://www.google.com/search?q=akf&oq=akf&gs_lcrp=EgZjaHJvbWUyBggAEEUYOTIHCAEQABiABDIHCAIQLhiABDIHCAMQABiABDIHCAQQABiABDIHCAUQABiABDIHCAYQABiABDIHCAcQABiABDIHCAgQABiABDIHCAkQABiABNIBCDIwNzVqMGo0qAIAsAIB&sourceid=chrome&source=chrome.ob&ie=UTF-8:35
[  154777ms] [WARNING] Unrecognized feature: 'vr'. @ https://www.akfrescues.org/:1859
[  159033ms] [WARNING] Google Maps JavaScript API has been loaded directly without loading=async. This can result in suboptimal performance. For best-practice loading patterns please see https://goo.gle/js-api-loading @ https://maps.googleapis.com/maps/api/js?callback=initMap&client=gme-wixcomltd2&libraries=places&language=en:2594
[  159047ms] [LOG] Google Maps API version: 3.65.12f @ https://static.parastorage.com/services/editor-elements-library/dist/thunderbolt/media/google-map.min.02d41b79.js?origin=https://www.akfrescues.org:0
[  159051ms] [WARNING] As of February 21st, 2024, google.maps.Marker is deprecated. Please use google.maps.marker.AdvancedMarkerElement instead. At this time, google.maps.Marker is not scheduled to be discontinued, but google.maps.marker.AdvancedMarkerElement is recommended over google.maps.Marker. While google.maps.Marker will continue to receive bug fixes for any major regressions, existing bugs in google.maps.Marker will not be addressed. At least 12 months notice will be given before support is discontinued. Please see https://developers.google.com/maps/deprecations for additional details and https://developers.google.com/maps/documentation/javascript/advanced-markers/migration for the migration guide. @ https://maps.googleapis.com/maps/api/js?callback=initMap&client=gme-wixcomltd2&libraries=places&language=en:2696
[  160293ms] [ERROR] suspense rendered fallback for - POPUPS_ROOT - (PopupRoot_Classic) @ https://browser.sentry-cdn.com/7.120.3/bundle.tracing.es5.min.js:1
[  164090ms] [WARNING] [2026-08-29T20:29:12.057Z]  @firebase/app-compat: 
    Warning: Firebase is already defined in the global scope. Please make sure
    Firebase library is only loaded once.
   @ https://static.parastorage.com/services/chat-widget/c1244486e39dd8b5d0270de29b98db1b603303e7713acef3eefe74f5/chat-sdk.chunk.min.js:3342
[  168144ms] [WARNING] react-i18next:: It seems you are still using the old wait option, you may migrate to the new useSuspense behaviour. @ https://browser.sentry-cdn.com/7.120.3/bundle.tracing.es5.min.js:1
[  172680ms] [WARNING] The resource https://static.parastorage.com/services/currency-converter-client/1.1393.0/currencyConverter.bundle.min.js was preloaded using link preload but not used within a few seconds from the window's load event. Please make sure it has an appropriate `as` value and it is preloaded intentionally. @ https://www.akfrescues.org/:0
[  180126ms] [WARNING] The resource https://static.parastorage.com/services/currency-converter-client/1.1393.0/currencyConverter.bundle.min.js was preloaded using link preload but not used within a few seconds from the window's load event. Please make sure it has an appropriate `as` value and it is preloaded intentionally. @ https://www.akfrescues.org/:0
[  185298ms] [LOG] JQMIGRATE: Migrate is installed, version 3.4.1 @ https://paws.org.ph/wp-includes/js/jquery/jquery-migrate.min.js?ver=3.4.1:1
[  186106ms] [LOG] undefined @ https://paws.org.ph/:174
[  187526ms] [WARNING] Failed to execute 'postMessage' on 'DOMWindow': The target origin provided ('https://www.youtube.com') does not match the recipient window's origin ('https://paws.org.ph'). @ https://www.youtube.com/s/player/e937390a/www-widgetapi.vflset/www-widgetapi.js:162
[  245889ms] [ERROR] Failed to load resource: the server responded with a status of 404 () @ https://donatetopaws.org.ph/wp-content/themes/Paws%20Donation%20Theme/css/elmucho.css:0
[  245976ms] [LOG] JQMIGRATE: Migrate is installed, version 3.4.1 @ https://donatetopaws.org.ph/wp-includes/js/jquery/jquery-migrate.min.js:1
[  245982ms] TypeError: Cannot read properties of undefined (reading 'style')
    at showSlides (https://donatetopaws.org.ph/wp-content/themes/Paws%20Donation%20Theme/js/scripts.js:33:25)
    at https://donatetopaws.org.ph/wp-content/themes/Paws%20Donation%20Theme/js/scripts.js:11:2
[  245989ms] TypeError: Cannot read properties of undefined (reading 'style')
    at showSlides (https://donatetopaws.org.ph/wp-content/themes/Paws%20Donation%20Theme/js/scripts.js:33:25)
    at https://donatetopaws.org.ph/wp-content/themes/Paws%20Donation%20Theme/js/scripts.js:11:2
[  275119ms] [LOG] JQMIGRATE: Migrate is installed, version 3.4.1 @ https://paws.org.ph/wp-includes/js/jquery/jquery-migrate.min.js?ver=3.4.1:1
[  275500ms] [LOG] undefined @ https://paws.org.ph/spay-neuter/:163
[  278393ms] [LOG] JQMIGRATE: Migrate is installed, version 3.4.1 @ https://paws.org.ph/wp-includes/js/jquery/jquery-migrate.min.js?ver=3.4.1:1
[  278775ms] [LOG] undefined @ https://paws.org.ph/contact/:166
[  280262ms] [LOG] JQMIGRATE: Migrate is installed, version 3.4.1 @ https://paws.org.ph/wp-includes/js/jquery/jquery-migrate.min.js?ver=3.4.1:1
[  280411ms] [LOG] undefined @ https://paws.org.ph/shop/:161
[  381779ms] [LOG] JQMIGRATE: Migrate is installed, version 3.4.1 @ https://paws.org.ph/wp-includes/js/jquery/jquery-migrate.min.js?ver=3.4.1:1
[  381932ms] [LOG] undefined @ https://paws.org.ph/programs/:163
[  405135ms] [LOG] JQMIGRATE: Migrate is installed, version 3.4.1 @ https://paws.org.ph/wp-includes/js/jquery/jquery-migrate.min.js?ver=3.4.1:1
[  405753ms] [LOG] undefined @ https://paws.org.ph/spay-neuter/:163
[  411241ms] [LOG] JQMIGRATE: Migrate is installed, version 3.4.1 @ https://paws.org.ph/wp-includes/js/jquery/jquery-migrate.min.js?ver=3.4.1:1
[  411370ms] [LOG] undefined @ https://paws.org.ph/programs/:163
[  419788ms] [LOG] JQMIGRATE: Migrate is installed, version 3.4.1 @ https://paws.org.ph/wp-includes/js/jquery/jquery-migrate.min.js?ver=3.4.1:1
[  419930ms] [LOG] undefined @ https://paws.org.ph/kapon-outreach/:163
[  429333ms] [LOG] JQMIGRATE: Migrate is installed, version 3.4.1 @ https://paws.org.ph/wp-includes/js/jquery/jquery-migrate.min.js?ver=3.4.1:1
[  429466ms] [LOG] undefined @ https://paws.org.ph/programs/:163
[  435284ms] [LOG] JQMIGRATE: Migrate is installed, version 3.4.1 @ https://paws.org.ph/wp-includes/js/jquery/jquery-migrate.min.js?ver=3.4.1:1
[  435434ms] [LOG] undefined @ https://paws.org.ph/dr-dog/:164
[  539042ms] [LOG] JQMIGRATE: Migrate is installed, version 3.4.1 @ https://paws.org.ph/wp-includes/js/jquery/jquery-migrate.min.js?ver=3.4.1:1
[  539194ms] [LOG] undefined @ https://paws.org.ph/invite-dr-dog/:165
[  561985ms] [LOG] JQMIGRATE: Migrate is installed, version 3.4.1 @ https://paws.org.ph/wp-includes/js/jquery/jquery-migrate.min.js?ver=3.4.1:1
[  562571ms] [LOG] undefined @ https://paws.org.ph/:174
